<?xml version="1.0" encoding="utf-8"?>
<theme id="bunny" name="It's Happy Bunny">
	<char id="graduation_bunny" name="graduation bunny" thumb="standing.swf" facing="left" default="standing.swf" motion="walk.swf" enable="Y" is_premium="N" aid="6878" money="0" sharing="0">
		<category name="cover">
			<action id="hands_to_ear.swf" name="ears" loop="Y" totalframe="24" enable="Y" aid="6881"/>
			<action id="hands_to_nose.swf" name="nose" loop="Y" totalframe="70" enable="Y" aid="6882"/>
			<action id="hands_to_mouth.swf" name="mouth" loop="Y" totalframe="30" enable="Y" aid="6883"/>
		</category>
		<category name="emotion">
			<action id="angry.swf" name="angry" loop="Y" totalframe="23" enable="Y" aid="6884"/>
			<action id="happy.swf" name="happy" loop="Y" totalframe="19" enable="Y" aid="6885"/>
			<action id="sad.swf" name="sad" loop="Y" totalframe="55" enable="Y" aid="6886"/>
			<action id="cry.swf" name="cry" loop="Y" totalframe="60" enable="Y" aid="6887"/>
			<action id="thinking.swf" name="thinking" loop="Y" totalframe="100" enable="Y" aid="6888"/>
			<action id="surprised.swf" name="surprised" loop="Y" totalframe="40" enable="Y" aid="6889"/>
			<action id="embarrassed.swf" name="embarrassed" loop="Y" totalframe="100" enable="Y" aid="6890"/>
			<action id="laughing.swf" name="laughing" loop="Y" totalframe="6" enable="Y" aid="6891"/>
		</category>
		<category name="fight">
			<action id="threaten_with_knife.swf" name="threaten with knife" loop="Y" totalframe="90" enable="Y" aid="6892"/>
			<action id="hit_with_hammer.swf" name="hit with hammer" loop="Y" totalframe="40" enable="Y" aid="6893"/>
			<action id="throw.swf" name="throw objects" loop="Y" totalframe="100" enable="Y" aid="6894"/>
		</category>
		<category name="misbehave">
			<action id="wear_restraints.swf" name="wear restraints" loop="Y" totalframe="78" enable="Y" aid="6895"/>
			<action id="burp.swf" name="burp" loop="Y" totalframe="80" enable="Y" aid="6896"/>
			<action id="throw_up.swf" name="throw up" loop="Y" totalframe="26" enable="Y" aid="6897"/>
		</category>
		<action id="standing.swf" name="standing" loop="Y" totalframe="1" enable="Y" aid="6879"/>
		<motion id="walk.swf" name="walk" loop="Y" totalframe="12" enable="Y" aid="6880"/>
		<action id="write.swf" name="write" loop="Y" totalframe="26" enable="Y" aid="6898"/>
		<action id="make_fun_of.swf" name="make fun of" loop="Y" totalframe="37" enable="Y" aid="6899"/>
		<action id="point_at.swf" name="point at" loop="Y" totalframe="30" enable="Y" aid="6900"/>
		<action id="laugh_at.swf" name="laugh at" loop="Y" totalframe="7" enable="Y" aid="6901"/>
		<action id="dance.swf" name="dance" loop="Y" totalframe="97" enable="Y" aid="6902"/>
		<action id="guitar.swf" name="play guitar" loop="Y" totalframe="84" enable="Y" aid="6903"/>
		<action id="sitting.swf" name="sitting" loop="Y" totalframe="1" enable="Y" aid="6904"/>
		<action id="talk.swf" name="talk" loop="Y" totalframe="100" enable="Y" aid="6905"/>
		<motion id="run.swf" name="run" loop="Y" totalframe="20" enable="Y" aid="6906"/>
		<motion id="hop.swf" name="hop" loop="Y" totalframe="21" enable="Y" aid="6907"/>
		<facial id="head_happy.swf" name="happy" enable="Y" aid="6908"/>
		<facial id="head_angry.swf" name="angry" enable="Y" aid="6909"/>
		<facial id="head_sad.swf" name="sad" enable="Y" aid="6910"/>
		<facial id="head_cry.swf" name="cry" enable="Y" aid="6911"/>
		<facial id="head_thinking.swf" name="thinking" enable="Y" aid="6912"/>
		<facial id="head_shocked.swf" name="shocked" enable="Y" aid="6913"/>
		<facial id="head_scared.swf" name="scared" enable="Y" aid="6914"/>
		<facial id="head_laugh.swf" name="laughing" enable="Y" aid="6915"/>
		<facial id="head_stick_out_tongue.swf" name="stick out tongue" enable="Y" aid="6916"/>
		<facial id="head_evil_look.swf" name="evil look" enable="Y" aid="6917"/>
		<facial id="head_knocked_out.swf" name="knocked out" enable="Y" aid="6918"/>
		<facial id="head_sleeping.swf" name="sleeping" enable="Y" aid="6919"/>
		<facial id="head_talk.swf" name="talk" enable="Y" aid="6920"/>
		<facial id="head_talk_angry.swf" name="talk angry" enable="Y" aid="6921"/>
		<facial id="head_talk_happy.swf" name="talk happy" enable="Y" aid="6922"/>
		<facial id="head_neutral.swf" name="neutral" enable="Y" aid="8495"/>
		<colorset enable="Y" aid="6923">
	<color r="hbskin">0xFFFFFF</color>
	<color r="hbeye">0x006AB6</color>
	<color r="hbnose">0xF175AD</color>
	<color r="hbgown">0xEE3338</color>
</colorset>
		<c_parts>
	<c_area>hbskin</c_area>
	<c_area>hbeye</c_area>
	<c_area>hbnose</c_area>
</c_parts>
	</char>
	<char id="devil_bunny" name="Devil Bunny" thumb="standing.swf" facing="left" default="standing.swf" motion="walk.swf" enable="Y" is_premium="N" aid="6112" money="0" sharing="0">
		<category name="cover">
			<action id="hands_to_ear.swf" name="ears" loop="Y" totalframe="24" enable="Y" aid="6115"/>
			<action id="hands_to_nose.swf" name="nose" loop="Y" totalframe="70" enable="Y" aid="6116"/>
			<action id="hands_to_mouth.swf" name="mouth" loop="Y" totalframe="30" enable="Y" aid="6117"/>
		</category>
		<category name="emotion">
			<action id="angry.swf" name="angry" loop="Y" totalframe="23" enable="Y" aid="6118"/>
			<action id="happy.swf" name="happy" loop="Y" totalframe="19" enable="Y" aid="6119"/>
			<action id="sad.swf" name="sad" loop="Y" totalframe="55" enable="Y" aid="6120"/>
			<action id="cry.swf" name="cry" loop="Y" totalframe="60" enable="Y" aid="6121"/>
			<action id="thinking.swf" name="thinking" loop="Y" totalframe="100" enable="Y" aid="6122"/>
			<action id="surprised.swf" name="surprised" loop="Y" totalframe="40" enable="Y" aid="6123"/>
			<action id="embarrassed.swf" name="embarrassed" loop="Y" totalframe="100" enable="Y" aid="6124"/>
			<action id="laughing.swf" name="laughing" loop="Y" totalframe="6" enable="Y" aid="6125"/>
		</category>
		<category name="fight">
			<action id="threaten_with_knife.swf" name="threaten with knife" loop="Y" totalframe="90" enable="Y" aid="6126"/>
			<action id="hit_with_hammer.swf" name="hit with hammer" loop="Y" totalframe="40" enable="Y" aid="6127"/>
			<action id="throw.swf" name="throw objects" loop="Y" totalframe="100" enable="Y" aid="6128"/>
		</category>
		<category name="misbehave">
			<action id="fart.swf" name="fart" loop="Y" totalframe="50" enable="Y" aid="6129"/>
			<action id="show_butt.swf" name="show butt" loop="Y" totalframe="8" enable="Y" aid="6130"/>
			<action id="burp.swf" name="burp" loop="Y" totalframe="75" enable="Y" aid="6131"/>
			<action id="throw_up.swf" name="throw up" loop="Y" totalframe="26" enable="Y" aid="6132"/>
		</category>
		<action id="standing.swf" name="standing" loop="Y" totalframe="1" enable="Y" aid="6113"/>
		<motion id="walk.swf" name="walk" loop="Y" totalframe="12" enable="Y" aid="6114"/>
		<action id="make_fun_of.swf" name="make fun of" loop="Y" totalframe="37" enable="Y" aid="6133"/>
		<action id="point_at.swf" name="point at" loop="Y" totalframe="30" enable="Y" aid="6134"/>
		<action id="laugh_at.swf" name="laugh at" loop="Y" totalframe="7" enable="Y" aid="6135"/>
		<action id="dance.swf" name="dance" loop="Y" totalframe="97" enable="Y" aid="6136"/>
		<action id="sitting.swf" name="sitting" loop="Y" totalframe="1" enable="Y" aid="6137"/>
		<action id="talk.swf" name="talk" loop="Y" totalframe="100" enable="Y" aid="6138"/>
		<action id="appear.swf" name="appear" loop="Y" totalframe="1" enable="Y" aid="6139"/>
		<action id="disappear.swf" name="disappear" loop="Y" totalframe="1" enable="Y" aid="6140"/>
		<action id="evil_poke.swf" name="poke with trident" loop="Y" totalframe="69" enable="Y" aid="6141"/>
		<motion id="run.swf" name="run" loop="Y" totalframe="20" enable="Y" aid="6142"/>
		<motion id="hop.swf" name="hop" loop="Y" totalframe="21" enable="Y" aid="6143"/>
		<facial id="head_happy.swf" name="happy" enable="Y" aid="6144"/>
		<facial id="head_angry.swf" name="angry" enable="Y" aid="6145"/>
		<facial id="head_sad.swf" name="sad" enable="Y" aid="6146"/>
		<facial id="head_cry.swf" name="cry" enable="Y" aid="6147"/>
		<facial id="head_thinking.swf" name="thinking" enable="Y" aid="6148"/>
		<facial id="head_shocked.swf" name="shocked" enable="Y" aid="6149"/>
		<facial id="head_scared.swf" name="scared" enable="Y" aid="6150"/>
		<facial id="head_laugh.swf" name="laughing" enable="Y" aid="6151"/>
		<facial id="head_stick_out_tongue.swf" name="stick out tongue" enable="Y" aid="6152"/>
		<facial id="head_evil_look.swf" name="evil look" enable="Y" aid="6153"/>
		<facial id="head_knocked_out.swf" name="knocked out" enable="Y" aid="6154"/>
		<facial id="head_sleeping.swf" name="sleeping" enable="Y" aid="6155"/>
		<facial id="head_talk.swf" name="talk" enable="Y" aid="6156"/>
		<facial id="head_talk_angry.swf" name="talk angry" enable="Y" aid="6157"/>
		<facial id="head_talk_happy.swf" name="talk happy" enable="Y" aid="6158"/>
		<facial id="head_neutral.swf" name="neutral" enable="Y" aid="8494"/>
	</char>
	<char id="happy_bunny" name="Happy Bunny" thumb="standing.swf" facing="left" default="standing.swf" motion="walk.swf" enable="Y" is_premium="N" aid="6055" money="0" sharing="0">
		<category name="cover">
			<action id="hands_to_ear.swf" name="ears" loop="Y" totalframe="24" enable="Y" aid="6058"/>
			<action id="hands_to_nose.swf" name="nose" loop="Y" totalframe="70" enable="Y" aid="6059"/>
			<action id="hands_to_mouth.swf" name="mouth" loop="Y" totalframe="30" enable="Y" aid="6060"/>
		</category>
		<category name="emotion">
			<action id="angry.swf" name="angry" loop="Y" totalframe="23" enable="Y" aid="6061"/>
			<action id="happy.swf" name="happy" loop="Y" totalframe="19" enable="Y" aid="6062"/>
			<action id="sad.swf" name="sad" loop="Y" totalframe="55" enable="Y" aid="6063"/>
			<action id="cry.swf" name="cry" loop="Y" totalframe="60" enable="Y" aid="6064"/>
			<action id="thinking.swf" name="thinking" loop="Y" totalframe="100" enable="Y" aid="6065"/>
			<action id="surprised.swf" name="surprised" loop="Y" totalframe="40" enable="Y" aid="6066"/>
			<action id="embarrassed.swf" name="embarrassed" loop="Y" totalframe="100" enable="Y" aid="6067"/>
			<action id="laughing.swf" name="laughing" loop="Y" totalframe="6" enable="Y" aid="6068"/>
		</category>
		<category name="fight">
			<action id="threaten_with_knife.swf" name="threaten with knife" loop="Y" totalframe="90" enable="Y" aid="6069"/>
			<action id="hit_with_hammer.swf" name="hit with hammer" loop="Y" totalframe="40" enable="Y" aid="6070"/>
			<action id="throw.swf" name="throw objects" loop="Y" totalframe="100" enable="Y" aid="6071"/>
			<action id="knocked_out.swf" name="knocked out" loop="Y" totalframe="1" enable="Y" aid="6072"/>
			<action id="get_hit.swf" name="get hit" loop="Y" totalframe="100" enable="Y" aid="6073"/>
		</category>
		<category name="misbehave">
			<action id="fart.swf" name="fart" loop="Y" totalframe="50" enable="Y" aid="6074"/>
			<action id="tag_wall.swf" name="tag wall" loop="Y" totalframe="126" enable="Y" aid="6075"/>
			<action id="wear_restraints.swf" name="wear restraints" loop="Y" totalframe="78" enable="Y" aid="6076"/>
			<action id="show_butt.swf" name="show butt" loop="Y" totalframe="8" enable="Y" aid="6077"/>
			<action id="burp.swf" name="burp" loop="Y" totalframe="75" enable="Y" aid="6078"/>
			<action id="throw_up.swf" name="throw up" loop="Y" totalframe="26" enable="Y" aid="6079"/>
		</category>
		<action id="standing.swf" name="standing" loop="Y" totalframe="1" enable="Y" aid="6056"/>
		<motion id="walk.swf" name="walk" loop="Y" totalframe="12" enable="Y" aid="6057"/>
		<action id="write.swf" name="write" loop="Y" totalframe="26" enable="Y" aid="6080"/>
		<action id="make_fun_of.swf" name="make fun of" loop="Y" totalframe="37" enable="Y" aid="6081"/>
		<action id="point_at.swf" name="point at" loop="Y" totalframe="30" enable="Y" aid="6082"/>
		<action id="laugh_at.swf" name="laugh at" loop="Y" totalframe="7" enable="Y" aid="6083"/>
		<action id="dance.swf" name="dance" loop="Y" totalframe="97" enable="Y" aid="6084"/>
		<action id="guitar.swf" name="play guitar" loop="Y" totalframe="84" enable="Y" aid="6085"/>
		<action id="sitting.swf" name="sitting" loop="Y" totalframe="1" enable="Y" aid="6086"/>
		<action id="talk.swf" name="talk" loop="Y" totalframe="100" enable="Y" aid="6087"/>
		<motion id="run.swf" name="run" loop="Y" totalframe="20" enable="Y" aid="6088"/>
		<motion id="hop.swf" name="hop" loop="Y" totalframe="21" enable="Y" aid="6089"/>
		<facial id="head_happy.swf" name="happy" enable="Y" aid="6090"/>
		<facial id="head_angry.swf" name="angry" enable="Y" aid="6091"/>
		<facial id="head_sad.swf" name="sad" enable="Y" aid="6092"/>
		<facial id="head_cry.swf" name="cry" enable="Y" aid="6093"/>
		<facial id="head_thinking.swf" name="thinking" enable="Y" aid="6094"/>
		<facial id="head_shocked.swf" name="shocked" enable="Y" aid="6095"/>
		<facial id="head_scared.swf" name="scared" enable="Y" aid="6096"/>
		<facial id="head_laugh.swf" name="laughing" enable="Y" aid="6097"/>
		<facial id="head_stick_out_tongue.swf" name="stick out tongue" enable="Y" aid="6098"/>
		<facial id="head_evil_look.swf" name="evil look" enable="Y" aid="6099"/>
		<facial id="head_knocked_out.swf" name="knocked out" enable="Y" aid="6100"/>
		<facial id="head_sleeping.swf" name="sleeping" enable="Y" aid="6101"/>
		<facial id="head_talk.swf" name="talk" enable="Y" aid="6102"/>
		<facial id="head_talk_angry.swf" name="talk angry" enable="Y" aid="6103"/>
		<facial id="head_talk_happy.swf" name="talk happy" enable="Y" aid="6104"/>
		<action id="slingshot.swf" name="use slingshot" loop="Y" totalframe="38" enable="Y" aid="6926"/>
		<action id="catch_butterfly.swf" name="catch butterfly" loop="Y" totalframe="91" enable="Y" aid="6927"/>
		<action id="falling.swf" name="falling" loop="Y" totalframe="19" enable="Y" aid="6928"/>
		<facial id="head_neutral.swf" name="neutral" enable="Y" aid="8493"/>
		<colorset enable="Y" aid="6105">
	<color r="hbskin">0xFFFFFF</color>
	<color r="hbeye">0x006AB6</color>
	<color r="hbnose">0xF175AD</color>
	<color r="hbthumb">0xF175AD</color>
	<color r="hbbelly">0xF8BDD7</color>
</colorset>
		<colorset enable="Y" aid="6106">
	<color r="hbskin">0xED1A29</color>
	<color r="hbeye">0x000000</color>
	<color r="hbnose">0x000000</color>
	<color r="hbthumb">0xF176AD</color>
	<color r="hbbelly">0xFFFFFF</color>
</colorset>
		<colorset enable="Y" aid="6107">
	<color r="hbskin">0xFFF200</color>
	<color r="hbeye">0x000000</color>
	<color r="hbnose">0xF175AD</color>
	<color r="hbthumb">0xF176AD</color>
	<color r="hbbelly">0xFFFFFF</color>
</colorset>
		<colorset enable="Y" aid="6108">
	<color r="hbskin">0x000000</color>
	<color r="hbeye">0xEE1A24</color>
	<color r="hbnose">0xF275AC</color>
	<color r="hbthumb">0x000000</color>
	<color r="hbbelly">0xEE1A24</color>
</colorset>
		<colorset enable="Y" aid="6109">
	<color r="hbskin">0xC39FCA</color>
	<color r="hbeye">0x000000</color>
	<color r="hbnose">0xE4028C</color>
	<color r="hbthumb">0xE4028C</color>
	<color r="hbbelly">0xFFFFFF</color>
</colorset>
		<colorset enable="Y" aid="6110">
	<color r="hbskin">0x00ADEF</color>
	<color r="hbeye">0x000000</color>
	<color r="hbnose">0xF173AD</color>
	<color r="hbthumb">0xF176AD</color>
	<color r="hbbelly">0xFFFFFF</color>
</colorset>
		<colorset enable="Y" aid="6111">
	<color r="hbskin">0xFAD1E3</color>
	<color r="hbeye">0x000000</color>
	<color r="hbnose">0xF173AD</color>
	<color r="hbthumb">0xF176AD</color>
	<color r="hbbelly">0xFFFFFF</color>
</colorset>
		<c_parts>
	<c_area>hbskin</c_area>
	<c_area>hbeye</c_area>
	<c_area>hbnose</c_area>
	<c_area>hbthumb</c_area>
	<c_area>hbbelly</c_area>
</c_parts>
	</char>
	<char id="chick" name="chick" thumb="standing.swf" facing="left" default="standing.swf" motion="walk.swf" enable="Y" is_premium="Y" aid="6929" money="0" sharing="40">
		<action id="standing.swf" name="standing" loop="Y" totalframe="2" enable="Y" aid="6930"/>
		<motion id="walk.swf" name="walk" loop="Y" totalframe="12" enable="Y" aid="6931"/>
		<action id="jump.swf" name="jumping" loop="Y" totalframe="31" enable="Y" aid="6932"/>
		<action id="desperate.swf" name="desperate" loop="Y" totalframe="2" enable="Y" aid="6933"/>
		<action id="run_away.swf" name="run away" loop="Y" totalframe="95" enable="Y" aid="6934"/>
	</char>
	<char id="dog" name="dog" thumb="standing.swf" facing="left" default="standing.swf" motion="walk.swf" enable="Y" is_premium="Y" aid="6935" money="0" sharing="40">
		<action id="standing.swf" name="standing" loop="Y" totalframe="2" enable="Y" aid="6936"/>
		<motion id="walk.swf" name="walk" loop="Y" totalframe="14" enable="Y" aid="6937"/>
		<action id="desperate.swf" name="desperate" loop="Y" totalframe="4" enable="Y" aid="6938"/>
		<action id="sitting.swf" name="sitting" loop="Y" totalframe="2" enable="Y" aid="6939"/>
	</char>
	<char id="skeleton_bunny" name="skeleton bunny" thumb="standing.swf" facing="left" default="standing.swf" motion="walk.swf" enable="Y" is_premium="Y" aid="6940" money="0" sharing="400">
		<category name="cover">
			<action id="hands_to_ear.swf" name="ears" loop="Y" totalframe="24" enable="Y" aid="6943"/>
			<action id="hands_to_nose.swf" name="nose" loop="Y" totalframe="70" enable="Y" aid="6944"/>
			<action id="hands_to_mouth.swf" name="mouth" loop="Y" totalframe="30" enable="Y" aid="6945"/>
		</category>
		<category name="emotion">
			<action id="angry.swf" name="angry" loop="Y" totalframe="23" enable="Y" aid="6946"/>
			<action id="happy.swf" name="happy" loop="Y" totalframe="19" enable="Y" aid="6947"/>
			<action id="sad.swf" name="sad" loop="Y" totalframe="55" enable="Y" aid="6948"/>
			<action id="cry.swf" name="cry" loop="Y" totalframe="60" enable="Y" aid="6949"/>
			<action id="thinking.swf" name="thinking" loop="Y" totalframe="100" enable="Y" aid="6950"/>
			<action id="surprised.swf" name="surprised" loop="Y" totalframe="40" enable="Y" aid="6951"/>
			<action id="embarrassed.swf" name="embarrassed" loop="Y" totalframe="100" enable="Y" aid="6952"/>
			<action id="laughing.swf" name="laughing" loop="Y" totalframe="6" enable="Y" aid="6953"/>
		</category>
		<category name="fight">
			<action id="threaten_with_knife.swf" name="threaten with knife" loop="Y" totalframe="90" enable="Y" aid="6954"/>
			<action id="hit_with_hammer.swf" name="hit with hammer" loop="Y" totalframe="40" enable="Y" aid="6955"/>
			<action id="throw.swf" name="throw objects" loop="Y" totalframe="100" enable="Y" aid="6956"/>
			<action id="knocked_out.swf" name="knocked out" loop="Y" totalframe="1" enable="Y" aid="6957"/>
			<action id="get_hit.swf" name="get hit" loop="Y" totalframe="100" enable="Y" aid="6958"/>
		</category>
		<category name="misbehave">
			<action id="fart.swf" name="fart" loop="Y" totalframe="50" enable="Y" aid="6959"/>
			<action id="tag_wall.swf" name="tag wall" loop="Y" totalframe="126" enable="Y" aid="6960"/>
			<action id="wear_restraints.swf" name="wear restraints" loop="Y" totalframe="78" enable="Y" aid="6961"/>
			<action id="show_butt.swf" name="show butt" loop="Y" totalframe="8" enable="Y" aid="6962"/>
			<action id="burp.swf" name="burp" loop="Y" totalframe="80" enable="Y" aid="6963"/>
			<action id="throw_up.swf" name="throw up" loop="Y" totalframe="26" enable="Y" aid="6964"/>
		</category>
		<action id="standing.swf" name="standing" loop="Y" totalframe="1" enable="Y" aid="6941"/>
		<motion id="walk.swf" name="walk" loop="Y" totalframe="12" enable="Y" aid="6942"/>
		<action id="write.swf" name="write" loop="Y" totalframe="26" enable="Y" aid="6965"/>
		<action id="make_fun_of.swf" name="make fun of" loop="Y" totalframe="37" enable="Y" aid="6966"/>
		<action id="point_at.swf" name="point at" loop="Y" totalframe="30" enable="Y" aid="6967"/>
		<action id="laugh_at.swf" name="laugh at" loop="Y" totalframe="7" enable="Y" aid="6968"/>
		<action id="dance.swf" name="dance" loop="Y" totalframe="97" enable="Y" aid="6969"/>
		<action id="guitar.swf" name="play guitar" loop="Y" totalframe="84" enable="Y" aid="6970"/>
		<action id="sitting.swf" name="sitting" loop="Y" totalframe="1" enable="Y" aid="6971"/>
		<action id="talk.swf" name="talk" loop="Y" totalframe="100" enable="Y" aid="6972"/>
		<motion id="run.swf" name="run" loop="Y" totalframe="20" enable="Y" aid="6973"/>
		<motion id="hop.swf" name="hop" loop="Y" totalframe="21" enable="Y" aid="6974"/>
		<facial id="head_happy.swf" name="happy" enable="Y" aid="6975"/>
		<facial id="head_angry.swf" name="angry" enable="Y" aid="6976"/>
		<facial id="head_sad.swf" name="sad" enable="Y" aid="6977"/>
		<facial id="head_cry.swf" name="cry" enable="Y" aid="6978"/>
		<facial id="head_thinking.swf" name="thinking" enable="Y" aid="6979"/>
		<facial id="head_shocked.swf" name="shocked" enable="Y" aid="6980"/>
		<facial id="head_scared.swf" name="scared" enable="Y" aid="6981"/>
		<facial id="head_laugh.swf" name="laughing" enable="Y" aid="6982"/>
		<facial id="head_stick_out_tongue.swf" name="stick out tongue" enable="Y" aid="6983"/>
		<facial id="head_evil_look.swf" name="evil look" enable="Y" aid="6984"/>
		<facial id="head_knocked_out.swf" name="knocked out" enable="Y" aid="6985"/>
		<facial id="head_sleeping.swf" name="sleeping" enable="Y" aid="6986"/>
		<facial id="head_talk.swf" name="talk" enable="Y" aid="6987"/>
		<facial id="head_talk_angry.swf" name="talk angry" enable="Y" aid="6988"/>
		<facial id="head_talk_happy.swf" name="talk happy" enable="Y" aid="6989"/>
		<facial id="head_neutral.swf" name="neutral" enable="Y" aid="8496"/>
	</char>
	<background id="split_bg.swf" name="split bg" enable="Y" is_premium="N" aid="6159" money="0" sharing="0">
		<colorset enable="Y" aid="6160">
	<color r="hbleft">0xFF9999</color>
	<color r="hbright">0xFFCCCC</color>
</colorset>
		<c_parts>
	<c_area>hbleft</c_area>
	<c_area>hbright</c_area>
</c_parts>
	</background>
	<background id="dotted_background.swf" name="dots" enable="Y" is_premium="N" aid="6992" money="0" sharing="0"/>
	<background id="underground.swf" name="underground" enable="Y" is_premium="N" aid="6991" money="0" sharing="0"/>
	<background id="path.swf" name="path" enable="Y" is_premium="N" aid="6990" money="0" sharing="0"/>
	<background id="low.swf" name="Low Horizon" enable="Y" is_premium="N" aid="6173" money="0" sharing="0">
		<colorset enable="Y" aid="6174">
	<color r="hbtop">0xF6F1A2</color>
	<color r="hbbottom">0xCBDF7E</color>
</colorset>
		<c_parts>
	<c_area>hbtop</c_area>
	<c_area>hbbottom</c_area>
</c_parts>
	</background>
	<background id="medium.swf" name="Medium Horizon" enable="Y" is_premium="N" aid="6171" money="0" sharing="0">
		<colorset enable="Y" aid="6172">
	<color r="hbtop">0xD99177</color>
	<color r="hbbottom">0xC56347</color>
</colorset>
		<c_parts>
	<c_area>hbtop</c_area>
	<c_area>hbbottom</c_area>
</c_parts>
	</background>
	<background id="high.swf" name="High Horizon" enable="Y" default="Y" is_premium="N" aid="6169" money="0" sharing="0">
		<colorset enable="Y" aid="6170">
	<color r="hbtop">0x66ACDC</color>
	<color r="hbbottom">0x78C583</color>
</colorset>
		<c_parts>
	<c_area>hbtop</c_area>
	<c_area>hbbottom</c_area>
</c_parts>
	</background>
	<background id="uniform.swf" name="Single Uniform" enable="Y" is_premium="N" aid="6165" money="0" sharing="0">
		<colorset enable="Y" aid="6166">
	<color r="hbuniform">0x7FC31C</color>
</colorset>
		<colorset enable="Y" aid="6167">
	<color r="hbuniform">0x41B1C9</color>
</colorset>
		<colorset enable="Y" aid="6168">
	<color r="hbuniform">0xF668B2</color>
</colorset>
		<c_parts>
	<c_area>hbuniform</c_area>
</c_parts>
	</background>
	<background id="interior_right.swf" name="interior right" enable="Y" is_premium="N" aid="6163" money="0" sharing="0">
		<colorset enable="Y" aid="6164">
	<color r="hbsidewall">0xCF715A</color>
	<color r="hbwall">0xD99177</color>
	<color r="hbfloor">0xC56347</color>
</colorset>
		<c_parts>
	<c_area>hbsidewall</c_area>
	<c_area>hbwall</c_area>
	<c_area>hbfloor</c_area>
</c_parts>
	</background>
	<background id="interior_left.swf" name="interior left" enable="Y" is_premium="N" aid="6161" money="0" sharing="0">
		<colorset enable="Y" aid="6162">
	<color r="hbsidewall">0xCF715A</color>
	<color r="hbwall">0xD99177</color>
	<color r="hbfloor">0xC56347</color>
</colorset>
		<c_parts>
	<c_area>hbsidewall</c_area>
	<c_area>hbwall</c_area>
	<c_area>hbfloor</c_area>
</c_parts>
	</background>
	<background id="cool_circle.swf" name="ripples" enable="Y" is_premium="N" aid="6993" money="0" sharing="0"/>
	<prop id="msp_vampire_mask" name="vampire mask" holdable="0" placeable="0" wearable="1" facing="left" thumb="msp_vampire_mask_default.swf" enable="Y" is_premium="N" aid="6175" money="0" sharing="0">
		<state id="msp_vampire_mask_default.swf" name="default" enable="Y" default="Y"/>
		<state id="msp_vampire_mask_happy.swf" name="happy" enable="Y"/>
		<state id="msp_vampire_mask_angry.swf" name="angry" enable="Y"/>
		<state id="msp_vampire_mask_sad.swf" name="sad" enable="Y"/>
		<state id="msp_vampire_mask_evil_laugh.swf" name="evil laugh" enable="Y"/>
		<state id="msp_vampire_mask_talk.swf" name="talk" enable="Y"/>
		<state id="msp_vampire_mask_talk_angry.swf" name="talk_angry" enable="Y"/>
		<state id="msp_vampire_mask_stick_out_tongue.swf" name="stick out tougue" enable="Y"/>
	</prop>
	<prop id="football.swf" name="football" holdable="1" placeable="1" wearable="0" facing="left" thumb="" enable="Y" is_premium="N" aid="6997" money="0" sharing="0"/>
	<prop id="bee.swf" name="bees" holdable="0" placeable="1" wearable="0" facing="left" thumb="" enable="Y" is_premium="N" aid="6998" money="0" sharing="0"/>
	<prop id="bee_nest.swf" name="bee nest" holdable="0" placeable="1" wearable="0" facing="left" thumb="" enable="Y" is_premium="N" aid="6999" money="0" sharing="0"/>
	<prop id="flower.swf" name="flower" holdable="1" placeable="1" wearable="0" facing="left" thumb="" enable="Y" is_premium="N" aid="7000" money="0" sharing="0"/>
	<prop id="butterfly.swf" name="butterfly" holdable="0" placeable="1" wearable="0" facing="left" thumb="" enable="Y" is_premium="N" aid="7001" money="0" sharing="0"/>
	<prop id="butterfly_net.swf" name="butterfly net" holdable="1" placeable="1" wearable="0" facing="left" thumb="" enable="Y" is_premium="N" aid="7002" money="0" sharing="0"/>
	<prop id="electric_shock.swf" name="electric shock" holdable="0" placeable="1" wearable="0" facing="left" thumb="" enable="Y" is_premium="N" aid="7003" money="0" sharing="0"/>
	<prop id="blackboard.swf" name="blackboard" holdable="0" placeable="1" wearable="0" facing="left" thumb="" enable="Y" is_premium="N" aid="7004" money="0" sharing="0"/>
	<prop id="homework_paper.swf" name="homework paper" holdable="1" placeable="1" wearable="0" facing="left" thumb="" enable="Y" is_premium="N" aid="7005" money="0" sharing="0"/>
	<prop id="bin.swf" name="bin" holdable="0" placeable="1" wearable="0" facing="left" thumb="" enable="Y" is_premium="N" aid="7006" money="0" sharing="0"/>
	<prop id="hamburger.swf" name="hamburger" holdable="1" placeable="1" wearable="0" facing="left" thumb="" enable="Y" is_premium="N" aid="7007" money="0" sharing="0"/>
	<prop id="smelly_smoke.swf" name="smelly gas" holdable="0" placeable="1" wearable="0" facing="left" thumb="" enable="Y" is_premium="N" aid="7008" money="0" sharing="0"/>
	<prop id="msp_zap_switch" name="zap switch" holdable="0" placeable="1" wearable="0" facing="left" thumb="msp_zap_switch_dangerous_box_closed.swf" enable="Y" is_premium="N" aid="7009" money="0" sharing="0">
		<state id="msp_zap_switch_dangerous_box_closed.swf" name="closed" enable="Y" default="Y"/>
		<state id="msp_zap_switch_dangerous_box_opened.swf" name="opened" enable="Y"/>
		<state id="msp_zap_switch_dangerous_box_opening.swf" name="open" enable="Y"/>
	</prop>
	<prop id="msp_ballon" name="balloon" holdable="1" placeable="1" wearable="0" facing="left" thumb="msp_ballon_balloon.swf" enable="Y" is_premium="N" aid="7013" money="0" sharing="0">
		<state id="msp_ballon_balloon.swf" name="normal" enable="Y" default="Y"/>
		<state id="msp_ballon_balloon_pop.swf" name="pop" enable="Y"/>
	</prop>
	<prop id="railway.swf" name="railway" holdable="0" placeable="1" wearable="0" facing="left" thumb="" enable="Y" is_premium="N" aid="6996" money="0" sharing="0"/>
	<prop id="train.swf" name="train" holdable="0" placeable="1" wearable="0" facing="left" thumb="" enable="Y" is_premium="N" aid="6995" money="0" sharing="0"/>
	<prop id="sling.swf" name="slingshot" holdable="1" placeable="1" wearable="0" facing="left" thumb="" enable="Y" is_premium="N" aid="6994" money="0" sharing="0"/>
	<prop id="msp_zombie_mask" name="zombie mask" holdable="0" placeable="0" wearable="1" facing="left" thumb="msp_zombie_mask_default.swf" enable="Y" is_premium="N" aid="6184" money="0" sharing="0">
		<state id="msp_zombie_mask_default.swf" name="default" enable="Y" default="Y"/>
		<state id="msp_zombie_mask_happy.swf" name="happy" enable="Y"/>
		<state id="msp_zombie_mask_angry.swf" name="angry" enable="Y"/>
		<state id="msp_zombie_mask_sad.swf" name="sad" enable="Y"/>
		<state id="msp_zombie_mask_evil_laugh.swf" name="evil laugh" enable="Y"/>
		<state id="msp_zombie_mask_talk.swf" name="talk" enable="Y"/>
		<state id="msp_zombie_mask_talk_angry.swf" name="talk_angry" enable="Y"/>
		<state id="msp_zombie_mask_stick_out_tongue.swf" name="stick out tougue" enable="Y"/>
	</prop>
	<prop id="glasses.swf" name="glasses" holdable="0" placeable="1" wearable="1" facing="left" thumb="" enable="Y" is_premium="N" aid="6193" money="0" sharing="0"/>
	<prop id="devil_horns.swf" name="devil horns" holdable="0" placeable="1" wearable="1" facing="left" thumb="" enable="Y" is_premium="N" aid="6194" money="0" sharing="0"/>
	<prop id="angel.swf" name="angel ring" holdable="0" placeable="1" wearable="1" facing="left" thumb="" enable="Y" is_premium="N" aid="6195" money="0" sharing="0"/>
	<prop id="headset.swf" name="headset" holdable="0" placeable="1" wearable="1" facing="left" thumb="" enable="Y" is_premium="N" aid="6196" money="0" sharing="0"/>
	<prop id="knife.swf" name="knife" holdable="1" placeable="1" wearable="0" facing="left" thumb="" enable="Y" is_premium="N" aid="6197" money="0" sharing="0"/>
	<prop id="hammer.swf" name="hammer" holdable="1" placeable="1" wearable="0" facing="left" thumb="" enable="Y" is_premium="N" aid="6198" money="0" sharing="0"/>
	<prop id="guitar.swf" name="guitar" holdable="1" placeable="1" wearable="0" facing="left" thumb="" enable="Y" is_premium="N" aid="6199" money="0" sharing="0"/>
	<prop id="pencil.swf" name="pencil" holdable="1" placeable="1" wearable="0" facing="left" thumb="" enable="Y" is_premium="N" aid="6200" money="0" sharing="0"/>
	<prop id="ipod.swf" name="ipod" holdable="1" placeable="1" wearable="0" facing="left" thumb="" enable="Y" is_premium="N" aid="6201" money="0" sharing="0"/>
	<prop id="paint_spray.swf" name="paint spray" holdable="1" placeable="1" wearable="0" facing="left" thumb="" enable="Y" is_premium="N" aid="6202" money="0" sharing="0"/>
	<prop id="trident.swf" name="trident" holdable="1" placeable="1" wearable="0" facing="left" thumb="" enable="Y" is_premium="N" aid="6203" money="0" sharing="0"/>
	<prop id="diploma.swf" name="diploma" holdable="1" placeable="1" wearable="0" facing="left" thumb="" enable="Y" is_premium="N" aid="6924" money="0" sharing="0"/>
	<prop id="hat.swf" name="hat" holdable="1" placeable="1" wearable="0" facing="left" thumb="" enable="Y" is_premium="N" aid="6925" money="0" sharing="0"/>
	<prop id="msp_see_saw" name="see-saw" holdable="0" placeable="1" wearable="0" facing="left" thumb="msp_see_saw_see_saw_still.swf" enable="Y" is_premium="N" aid="7016" money="0" sharing="0">
		<state id="msp_see_saw_see_saw_still.swf" name="still" enable="Y" default="Y"/>
		<state id="msp_see_saw_see_saw_move.swf" name="move" enable="Y"/>
	</prop>
	<sound id="cute_stupid.swf" name="It's cute How stupid you are" downloadtype="embed" subtype="soundeffect" duration="1912" enable="Y" is_premium="N" aid="6204" money="0" sharing="0"/>
	<sound id="hi_loser.swf" name="Hi, Loser" downloadtype="embed" subtype="soundeffect" duration="1416" enable="Y" is_premium="N" aid="6205" money="0" sharing="0"/>
	<sound id="focus_on_me.swf" name="Let's Focus on Me" downloadtype="embed" subtype="soundeffect" duration="1599" enable="Y" is_premium="N" aid="6206" money="0" sharing="0"/>
	<sound id="suck_sad.swf" name="You Suck and That's Sad." downloadtype="embed" subtype="soundeffect" duration="2304" enable="Y" is_premium="N" aid="6207" money="0" sharing="0"/>
	<bubble id="bunnyQuote" x="0" y="0" w="180" h="90" rotate="0" isShowMsg="Y" thumb="bunny_quote.swf" type="BLANK" enable="Y" aid="6208" is_premium="N" money="0" sharing="0">
	<body rgb="0xFFFFFF" linergb="0" tailx="180" taily="110"/>
	<text rgb="0" font="Accidental Presidency" size="20" align="center" bold="false" italic="false">Click here to edit</text>
</bubble>
	<effect id="spray.swf" type="ANIME" resize="0" move="0" name="spray" enable="Y" is_premium="N" aid="7019" money="0" sharing="0"/>
	<presetMsg id="bunny_pm1" quote="2cute 2talk 2u" enable="Y" aid="6209" is_premium="N" money="0" sharing="0"/>
	<presetMsg id="bunny_pm2" quote="Bite It Sideways Pal" enable="Y" aid="6210" is_premium="N" money="0" sharing="0"/>
	<presetMsg id="bunny_pm3" quote="Buy Me Stuff and I'll be Nicer" enable="Y" aid="6211" is_premium="N" money="0" sharing="0"/>
	<presetMsg id="bunny_pm4" quote="Crazy Doesn't Even Begin to Cover It" enable="Y" aid="6212" is_premium="N" money="0" sharing="0"/>
	<presetMsg id="bunny_pm5" quote="Cute As Can B" enable="Y" aid="6213" is_premium="N" money="0" sharing="0"/>
	<presetMsg id="bunny_pm6" quote="Cute But Kind of Evil" enable="Y" aid="6214" is_premium="N" money="0" sharing="0"/>
	<presetMsg id="bunny_pm7" quote="Cute But Psycho" enable="Y" aid="6215" is_premium="N" money="0" sharing="0"/>
	<presetMsg id="bunny_pm8" quote="Dear Santa, Leave Presents.  Take Brother." enable="Y" aid="6216" is_premium="N" money="0" sharing="0"/>
	<presetMsg id="bunny_pm9" quote="Don't Blame Me.  I Was Born Awesome." enable="Y" aid="6217" is_premium="N" money="0" sharing="0"/>
	<presetMsg id="bunny_pm10" quote="Don't Make Me Open a Can of Pout." enable="Y" aid="6218" is_premium="N" money="0" sharing="0"/>
	<presetMsg id="bunny_pm11" quote="Farting is Fun it Makes the Room Warmer" enable="Y" aid="6219" is_premium="N" money="0" sharing="0"/>
	<presetMsg id="bunny_pm12" quote="Flirty. Crazy. What's not to Love?" enable="Y" aid="6220" is_premium="N" money="0" sharing="0"/>
	<presetMsg id="bunny_pm13" quote="Hey You Made Me Throw Up a Little" enable="Y" aid="6221" is_premium="N" money="0" sharing="0"/>
	<presetMsg id="bunny_pm14" quote="Hi, Loser" enable="Y" aid="6222" is_premium="N" money="0" sharing="0"/>
	<presetMsg id="bunny_pm15" quote="Hooray for Guys with Money" enable="Y" aid="6223" is_premium="N" money="0" sharing="0"/>
	<presetMsg id="bunny_pm16" quote="I admit it.  I have a glitter abuse problem." enable="Y" aid="6224" is_premium="N" money="0" sharing="0"/>
	<presetMsg id="bunny_pm17" quote="I am Happy.  Don't Wreck it by Talking." enable="Y" aid="6225" is_premium="N" money="0" sharing="0"/>
	<presetMsg id="bunny_pm18" quote="I am not Spoiled.  I Deserve All My Stuff" enable="Y" aid="6226" is_premium="N" money="0" sharing="0"/>
	<presetMsg id="bunny_pm19" quote="I Am Only Mean When You're Dumb" enable="Y" aid="6227" is_premium="N" money="0" sharing="0"/>
	<presetMsg id="bunny_pm20" quote="I Did it But I am Blaming You." enable="Y" aid="6228" is_premium="N" money="0" sharing="0"/>
	<presetMsg id="bunny_pm21" quote="I Just Can't Stop the Adorable." enable="Y" aid="6229" is_premium="N" money="0" sharing="0"/>
	<presetMsg id="bunny_pm22" quote="I Just Don't Listen." enable="Y" aid="6230" is_premium="N" money="0" sharing="0"/>
	<presetMsg id="bunny_pm23" quote="I Just Realized. I Don't Care." enable="Y" aid="6231" is_premium="N" money="0" sharing="0"/>
	<presetMsg id="bunny_pm24" quote="I'm Cute. You're Not. Seems So Unfair." enable="Y" aid="6232" is_premium="N" money="0" sharing="0"/>
	<presetMsg id="bunny_pm25" quote="I'll Admit It I'm Hot Don't Blame Me for Global Warming." enable="Y" aid="6233" is_premium="N" money="0" sharing="0"/>
	<presetMsg id="bunny_pm26" quote="I'm Not Mean. You're Just a Sissy." enable="Y" aid="6234" is_premium="N" money="0" sharing="0"/>
	<presetMsg id="bunny_pm27" quote="I'm Too Good for This." enable="Y" aid="6235" is_premium="N" money="0" sharing="0"/>
	<presetMsg id="bunny_pm28" quote="It's All About Me.  Deal With It." enable="Y" aid="6236" is_premium="N" money="0" sharing="0"/>
	<presetMsg id="bunny_pm29" quote="It's cute How stupid you are" enable="Y" aid="6237" is_premium="N" money="0" sharing="0"/>
	<presetMsg id="bunny_pm30" quote="It's Cute How You Think I'm Listening" enable="Y" aid="6238" is_premium="N" money="0" sharing="0"/>
	<presetMsg id="bunny_pm31" quote="It's Not My Fault You're Dumb." enable="Y" aid="6239" is_premium="N" money="0" sharing="0"/>
	<presetMsg id="bunny_pm32" quote="Kiss Me Right on the Pooper." enable="Y" aid="6240" is_premium="N" money="0" sharing="0"/>
	<presetMsg id="bunny_pm33" quote="Kiss My Bunny" enable="Y" aid="6241" is_premium="N" money="0" sharing="0"/>
	<presetMsg id="bunny_pm34" quote="Let's Focus on Me" enable="Y" aid="6242" is_premium="N" money="0" sharing="0"/>
	<presetMsg id="bunny_pm35" quote="Life. Get One" enable="Y" aid="6243" is_premium="N" money="0" sharing="0"/>
	<presetMsg id="bunny_pm36" quote="Love Sucks Big Time" enable="Y" aid="6244" is_premium="N" money="0" sharing="0"/>
	<presetMsg id="bunny_pm37" quote="Mecology This I Can Support" enable="Y" aid="6245" is_premium="N" money="0" sharing="0"/>
	<presetMsg id="bunny_pm38" quote="Nobody's Perfect. I am as Close as it Gets." enable="Y" aid="6246" is_premium="N" money="0" sharing="0"/>
	<presetMsg id="bunny_pm39" quote="Not Listening" enable="Y" aid="6247" is_premium="N" money="0" sharing="0"/>
	<presetMsg id="bunny_pm40" quote="Ok I'm perfect.  Now Stop Staring." enable="Y" aid="6248" is_premium="N" money="0" sharing="0"/>
	<presetMsg id="bunny_pm41" quote="Reduce Global Warming Buy Me Ice Cream." enable="Y" aid="6249" is_premium="N" money="0" sharing="0"/>
	<presetMsg id="bunny_pm42" quote="The World Is Run by the Cute." enable="Y" aid="6250" is_premium="N" money="0" sharing="0"/>
	<presetMsg id="bunny_pm43" quote="Trampy. Crazy. What's Not to Love?" enable="Y" aid="6251" is_premium="N" money="0" sharing="0"/>
	<presetMsg id="bunny_pm44" quote="Wow Cards Are Stupid." enable="Y" aid="6252" is_premium="N" money="0" sharing="0"/>
	<presetMsg id="bunny_pm45" quote="You Go Girl.  And Don't Come Back." enable="Y" aid="6253" is_premium="N" money="0" sharing="0"/>
	<presetMsg id="bunny_pm46" quote="You Suck and That's Sad." enable="Y" aid="6254" is_premium="N" money="0" sharing="0"/>
	<presetMsg id="bunny_pm47" quote="You'd be Cooler if You Were Me." enable="Y" aid="6255" is_premium="N" money="0" sharing="0"/>
	<presetMsg id="bunny_pm48" quote="You're Ugly and That's Sad." enable="Y" aid="6256" is_premium="N" money="0" sharing="0"/>
	<presetMsg id="bunny_pm49" quote="You're Ugly and That's Funny." enable="Y" aid="6257" is_premium="N" money="0" sharing="0"/>
	<presetMsg id="bunny_pm50" quote="Wow. You Dance Dumb." enable="Y" aid="6258" is_premium="N" money="0" sharing="0"/>
	<presetMsg id="bunny_pm51" quote="You Smell Like Doody." enable="Y" aid="6259" is_premium="N" money="0" sharing="0"/>
</theme>
