<?xml version="1.0" encoding="utf-8"?>
<theme id="underdog" name="Underdog">
	<char id="underdog_char" name="Underdog" thumb="standing.swf" facing="left" default="standing.swf" motion="walking.swf" enable="Y" is_premium="N" aid="3679" money="0" sharing="0">
		<category name="emotion">
			<action id="confused.swf" name="confused" loop="Y" totalframe="100" enable="Y" aid="3682"/>
			<action id="excited.swf" name="excited" loop="Y" totalframe="23" enable="Y" aid="3683"/>
			<action id="sad.swf" name="sad" loop="Y" totalframe="100" enable="Y" aid="3684"/>
			<action id="shocked.swf" name="shocked" loop="Y" totalframe="100" enable="Y" aid="3685"/>
			<action id="surprised.swf" name="surprised" loop="Y" totalframe="100" enable="Y" aid="3686"/>
			<action id="furious.swf" name="furious" loop="Y" totalframe="100" enable="Y" aid="3687"/>
		</category>
		<action id="standing.swf" name="standing" loop="Y" totalframe="1" enable="Y" aid="3680"/>
		<motion id="walking.swf" name="walk" loop="Y" totalframe="8" enable="Y" aid="3681"/>
		<action id="cough.swf" name="cough" loop="Y" totalframe="44" enable="Y" aid="3688"/>
		<action id="crashing.swf" name="crash" loop="Y" totalframe="80" enable="Y" aid="3689"/>
		<action id="dancing.swf" name="dance" loop="Y" totalframe="16" enable="Y" aid="3690"/>
		<action id="fall_in_love.swf" name="fall in love" loop="Y" totalframe="42" enable="Y" aid="3691"/>
		<action id="flying.swf" name="fly" loop="Y" totalframe="10" enable="Y" aid="3692"/>
		<action id="get_an_idea.swf" name="get an idea" loop="Y" totalframe="50" enable="Y" aid="3693"/>
		<action id="get_hit.swf" name="get hit" loop="Y" totalframe="54" enable="Y" aid="3694"/>
		<action id="hands_up.swf" name="hands up" loop="Y" totalframe="46" enable="Y" aid="3695"/>
		<action id="hit.swf" name="hit" loop="Y" totalframe="50" enable="Y" aid="3696"/>
		<action id="kiss.swf" name="kiss" loop="Y" totalframe="50" enable="Y" aid="3697"/>
		<action id="kneeling.swf" name="kneeling" loop="Y" totalframe="50" enable="Y" aid="3698"/>
		<action id="landing.swf" name="land" loop="Y" totalframe="100" enable="Y" aid="3699"/>
		<action id="lying_down.swf" name="lying down" loop="Y" totalframe="1" enable="Y" aid="3700"/>
		<action id="many_punches.swf" name="many punches" loop="Y" totalframe="17" enable="Y" aid="3701"/>
		<action id="pointing.swf" name="point at" loop="Y" totalframe="50" enable="Y" aid="3702"/>
		<action id="sitting.swf" name="sitting" loop="Y" totalframe="1" enable="Y" aid="3703"/>
		<action id="talking.swf" name="talk" loop="Y" totalframe="118" enable="Y" aid="3704"/>
		<action id="begging.swf" name="beg" loop="Y" totalframe="50" enable="Y" aid="3705"/>
		<motion id="run.swf" name="run" loop="Y" totalframe="16" enable="Y" aid="3706"/>
		<facial id="head_angry.swf" name="angry" enable="Y" aid="3707"/>
		<facial id="head_agree.swf" name="agree" enable="Y" aid="3708"/>
		<facial id="head_bored.swf" name="bored" enable="Y" aid="3709"/>
		<facial id="head_confused.swf" name="confused" enable="Y" aid="3710"/>
		<facial id="head_cool.swf" name="cool" enable="Y" aid="3711"/>
		<facial id="head_desperate.swf" name="desperate" enable="Y" aid="3712"/>
		<facial id="head_determined.swf" name="determined" enable="Y" aid="3713"/>
		<facial id="head_disagree.swf" name="disagree" enable="Y" aid="3714"/>
		<facial id="head_excited.swf" name="excited" enable="Y" aid="3715"/>
		<facial id="head_furious.swf" name="furious" enable="Y" aid="3716"/>
		<facial id="head_get_an_idea.swf" name="get an idea" enable="Y" aid="3717"/>
		<facial id="head_get_hurt.swf" name="get hurt" enable="Y" aid="3718"/>
		<facial id="head_happy.swf" name="happy" enable="Y" aid="3719"/>
		<facial id="head_hit.swf" name="hit" enable="Y" aid="3720"/>
		<facial id="head_kiss.swf" name="kiss" enable="Y" aid="3721"/>
		<facial id="head_look_at_cam.swf" name="look at camera" enable="Y" aid="3722"/>
		<facial id="head_sad.swf" name="sad" enable="Y" aid="3723"/>
		<facial id="head_scared.swf" name="scared" enable="Y" aid="3724"/>
		<facial id="head_scheming.swf" name="scheming" enable="Y" aid="3725"/>
		<facial id="head_shocked.swf" name="shocked" enable="Y" aid="3726"/>
		<facial id="head_sick.swf" name="sick" enable="Y" aid="3727"/>
		<facial id="head_sleep.swf" name="sleep" enable="Y" aid="3728"/>
		<facial id="head_surprised.swf" name="surprised" enable="Y" aid="3729"/>
		<facial id="head_talk.swf" name="talk" enable="Y" aid="3730"/>
		<facial id="head_talk_angry.swf" name="talk angry" enable="Y" aid="3731"/>
		<facial id="head_look_at_cam_smile.swf" name="smile at camera" enable="Y" aid="3732"/>
		<facial id="head_neutral.swf" name="neutral" enable="Y" aid="8512"/>
	</char>
	<char id="shoeshine" name="Shoeshine" thumb="standing.swf" facing="left" default="standing.swf" motion="walking.swf" enable="Y" is_premium="N" aid="3733" money="0" sharing="0">
		<category name="emotion">
			<action id="angry.swf" name="angry" loop="Y" totalframe="100" enable="Y" aid="3736"/>
			<action id="excited.swf" name="excited" loop="Y" totalframe="26" enable="Y" aid="3737"/>
			<action id="sad.swf" name="sad" loop="Y" totalframe="62" enable="Y" aid="3738"/>
			<action id="surprised.swf" name="surprised" loop="Y" totalframe="47" enable="Y" aid="3739"/>
			<action id="thinking.swf" name="thinking" loop="Y" totalframe="95" enable="Y" aid="3740"/>
		</category>
		<action id="standing.swf" name="standing" loop="Y" totalframe="1" enable="Y" aid="3734"/>
		<motion id="walking.swf" name="walk" loop="Y" totalframe="24" enable="Y" aid="3735"/>
		<action id="dancing.swf" name="dance" loop="Y" totalframe="21" enable="Y" aid="3741"/>
		<action id="fall_in_love.swf" name="fall in love" loop="Y" totalframe="70" enable="Y" aid="3742"/>
		<action id="hand_to_ear.swf" name="eavesdropping" loop="Y" totalframe="40" enable="Y" aid="3743"/>
		<action id="kiss.swf" name="kiss" loop="Y" totalframe="50" enable="Y" aid="3744"/>
		<action id="kneeling.swf" name="kneeling" loop="Y" totalframe="50" enable="Y" aid="3745"/>
		<action id="laugh.swf" name="laugh" loop="Y" totalframe="51" enable="Y" aid="3746"/>
		<action id="lying_down.swf" name="lying down" loop="Y" totalframe="1" enable="Y" aid="3747"/>
		<action id="pointing.swf" name="point at" loop="Y" totalframe="100" enable="Y" aid="3748"/>
		<action id="polishing_shoe.swf" name="polish shoe" loop="Y" totalframe="10" enable="Y" aid="3749"/>
		<action id="sitting.swf" name="sitting" loop="Y" totalframe="1" enable="Y" aid="3750"/>
		<action id="whisper.swf" name="whisper" loop="Y" totalframe="1" enable="Y" aid="3751"/>
		<action id="begging.swf" name="beg" loop="Y" totalframe="50" enable="Y" aid="3752"/>
		<motion id="running.swf" name="run" loop="Y" totalframe="18" enable="Y" aid="3753"/>
		<facial id="head_angry.swf" name="angry" enable="Y" aid="3754"/>
		<facial id="head_agree.swf" name="agree" enable="Y" aid="3755"/>
		<facial id="head_confused.swf" name="confused" enable="Y" aid="3756"/>
		<facial id="head_disagree.swf" name="disagree" enable="Y" aid="3757"/>
		<facial id="head_excited.swf" name="excited" enable="Y" aid="3758"/>
		<facial id="head_fall_in_love.swf" name="in love" enable="Y" aid="3759"/>
		<facial id="head_get_an_idea.swf" name="get an idea" enable="Y" aid="3760"/>
		<facial id="head_happy.swf" name="happy" enable="Y" aid="3761"/>
		<facial id="head_kiss.swf" name="kiss" enable="Y" aid="3762"/>
		<facial id="head_sad.swf" name="sad" enable="Y" aid="3763"/>
		<facial id="head_scared.swf" name="scared" enable="Y" aid="3764"/>
		<facial id="head_shocked.swf" name="shocked" enable="Y" aid="3765"/>
		<facial id="head_surprised.swf" name="surprised" enable="Y" aid="3766"/>
		<facial id="head_talk.swf" name="talk" enable="Y" aid="3767"/>
		<facial id="head_talking_in_love.swf" name="talk in love" enable="Y" aid="3768"/>
		<facial id="head_laugh.swf" name="laugh" enable="Y" aid="3769"/>
		<facial id="head_neutral.swf" name="neutral" enable="Y" aid="8513"/>
	</char>
	<char id="polly" name="Polly" thumb="standing.swf" facing="left" default="standing.swf" motion="walking.swf" enable="Y" is_premium="N" aid="3770" money="0" sharing="0">
		<category name="emotion">
			<action id="angry.swf" name="angry" loop="Y" totalframe="101" enable="Y" aid="3773"/>
			<action id="confused.swf" name="confused" loop="Y" totalframe="100" enable="Y" aid="3774"/>
			<action id="cry.swf" name="cry" loop="Y" totalframe="5" enable="Y" aid="3775"/>
			<action id="excited.swf" name="excited" loop="Y" totalframe="102" enable="Y" aid="3776"/>
			<action id="shocked.swf" name="shocked" loop="Y" totalframe="100" enable="Y" aid="3777"/>
			<action id="surprised.swf" name="surprised" loop="Y" totalframe="100" enable="Y" aid="3778"/>
		</category>
		<action id="standing.swf" name="standing" loop="Y" totalframe="1" enable="Y" aid="3771"/>
		<motion id="walking.swf" name="walk" loop="Y" totalframe="16" enable="Y" aid="3772"/>
		<action id="dancing.swf" name="dance" loop="Y" totalframe="36" enable="Y" aid="3779"/>
		<action id="faint.swf" name="faint" loop="Y" totalframe="23" enable="Y" aid="3780"/>
		<action id="fall_in_love.swf" name="in love" loop="Y" totalframe="1" enable="Y" aid="3781"/>
		<action id="falling_down.swf" name="falling down" loop="Y" totalframe="9" enable="Y" aid="3782"/>
		<action id="hit.swf" name="hit" loop="Y" totalframe="50" enable="Y" aid="3783"/>
		<action id="interviewing.swf" name="interview" loop="Y" totalframe="90" enable="Y" aid="3784"/>
		<action id="kiss.swf" name="kiss" loop="Y" totalframe="58" enable="Y" aid="3785"/>
		<action id="kneeling.swf" name="kneeling" loop="Y" totalframe="100" enable="Y" aid="3786"/>
		<action id="laugh.swf" name="laugh" loop="Y" totalframe="6" enable="Y" aid="3787"/>
		<action id="pointing.swf" name="point at" loop="Y" totalframe="150" enable="Y" aid="3788"/>
		<action id="sad.swf" name="sad" loop="Y" totalframe="104" enable="Y" aid="3789"/>
		<action id="sitting.swf" name="sitting" loop="Y" totalframe="1" enable="Y" aid="3790"/>
		<action id="talking.swf" name="talk" loop="Y" totalframe="150" enable="Y" aid="3791"/>
		<motion id="run.swf" name="run" loop="Y" totalframe="150" enable="Y" aid="3792"/>
		<facial id="head_agree.swf" name="agree" enable="Y" aid="3793"/>
		<facial id="head_angry.swf" name="angry" enable="Y" aid="3794"/>
		<facial id="head_bored.swf" name="bored" enable="Y" aid="3795"/>
		<facial id="head_cry.swf" name="cry" enable="Y" aid="3796"/>
		<facial id="head_desperate.swf" name="desperate" enable="Y" aid="3797"/>
		<facial id="head_disagree.swf" name="disagree" enable="Y" aid="3798"/>
		<facial id="head_fall_in_love.swf" name="fall in love" enable="Y" aid="3799"/>
		<facial id="head_get_an_idea.swf" name="get an idea" enable="Y" aid="3800"/>
		<facial id="head_get_hurt.swf" name="get hurt" enable="Y" aid="3801"/>
		<facial id="head_happy.swf" name="happy" enable="Y" aid="3802"/>
		<facial id="head_kiss.swf" name="kiss" enable="Y" aid="3803"/>
		<facial id="head_laugh.swf" name="laugh" enable="Y" aid="3804"/>
		<facial id="head_look_at_cam.swf" name="look at camera" enable="Y" aid="3805"/>
		<facial id="head_sad.swf" name="sad" enable="Y" aid="3806"/>
		<facial id="head_scared.swf" name="scared" enable="Y" aid="3807"/>
		<facial id="head_shocked.swf" name="shocked" enable="Y" aid="3808"/>
		<facial id="head_surprised.swf" name="surprised" enable="Y" aid="3809"/>
		<facial id="head_talk.swf" name="talk" enable="Y" aid="3810"/>
		<facial id="head_talk_cry.swf" name="talk cry" enable="Y" aid="3811"/>
		<facial id="head_talking_in_love.swf" name="talk in love" enable="Y" aid="3812"/>
		<facial id="head_neutral.swf" name="neutral" enable="Y" aid="8514"/>
	</char>
	<char id="riff" name="Riff Raff" thumb="standing.swf" facing="left" default="standing.swf" motion="walking.swf" enable="Y" is_premium="N" aid="3813" money="0" sharing="0">
		<category name="emotion">
			<action id="angry.swf" name="angry" loop="Y" totalframe="38" enable="Y" aid="3816"/>
			<action id="excited.swf" name="excited" loop="Y" totalframe="60" enable="Y" aid="3817"/>
			<action id="sad.swf" name="sad" loop="Y" totalframe="100" enable="Y" aid="3818"/>
			<action id="surprised.swf" name="surprised" loop="Y" totalframe="55" enable="Y" aid="3819"/>
			<action id="thinking.swf" name="thinking" loop="Y" totalframe="85" enable="Y" aid="3820"/>
		</category>
		<action id="standing.swf" name="standing" loop="Y" totalframe="1" enable="Y" aid="3814"/>
		<motion id="walking.swf" name="walk" loop="Y" totalframe="8" enable="Y" aid="3815"/>
		<action id="beg.swf" name="beg" loop="Y" totalframe="150" enable="Y" aid="3821"/>
		<action id="cough.swf" name="cough" loop="Y" totalframe="70" enable="Y" aid="3822"/>
		<action id="dancing.swf" name="dance" loop="Y" totalframe="28" enable="Y" aid="3823"/>
		<action id="fall_in_love.swf" name="fall in love" loop="Y" totalframe="100" enable="Y" aid="3824"/>
		<action id="falling_down.swf" name="falling down" loop="Y" totalframe="8" enable="Y" aid="3825"/>
		<action id="get_hit.swf" name="get hit" loop="Y" totalframe="148" enable="Y" aid="3826"/>
		<action id="kiss.swf" name="kiss" loop="Y" totalframe="100" enable="Y" aid="3827"/>
		<action id="kneeling.swf" name="kneeling" loop="Y" totalframe="50" enable="Y" aid="3828"/>
		<action id="laugh.swf" name="laugh" loop="Y" totalframe="32" enable="Y" aid="3829"/>
		<action id="lying_down.swf" name="lying down" loop="Y" totalframe="70" enable="Y" aid="3830"/>
		<action id="nudge.swf" name="nudge" loop="Y" totalframe="100" enable="Y" aid="3831"/>
		<action id="point_at.swf" name="point at" loop="Y" totalframe="100" enable="Y" aid="3832"/>
		<action id="sitting.swf" name="sitting" loop="Y" totalframe="1" enable="Y" aid="3833"/>
		<action id="smoking_cigar.swf" name="smoke cigar" loop="Y" totalframe="79" enable="Y" aid="3834"/>
		<action id="talking.swf" name="talk" loop="Y" totalframe="96" enable="Y" aid="3835"/>
		<action id="throwing_object.swf" name="throw object" loop="Y" totalframe="100" enable="Y" aid="3836"/>
		<motion id="running.swf" name="run" loop="Y" totalframe="12" enable="Y" aid="3837"/>
		<facial id="head_agree.swf" name="agree" enable="Y" aid="3838"/>
		<facial id="head_angry.swf" name="angry" enable="Y" aid="3839"/>
		<facial id="head_confused.swf" name="confused" enable="Y" aid="3840"/>
		<facial id="head_desperate.swf" name="desperate" enable="Y" aid="3841"/>
		<facial id="head_disagree.swf" name="disagree" enable="Y" aid="3842"/>
		<facial id="head_excited.swf" name="excited" enable="Y" aid="3843"/>
		<facial id="head_fall_in_love.swf" name="fall in love" enable="Y" aid="3844"/>
		<facial id="head_furious.swf" name="furious" enable="Y" aid="3845"/>
		<facial id="head_get_an_idea.swf" name="get an idea" enable="Y" aid="3846"/>
		<facial id="head_get_hurt.swf" name="get hurt" enable="Y" aid="3847"/>
		<facial id="head_happy.swf" name="happy" enable="Y" aid="3848"/>
		<facial id="head_kiss.swf" name="kiss" enable="Y" aid="3849"/>
		<facial id="head_look_at_camera.swf" name="look at camera" enable="Y" aid="3850"/>
		<facial id="head_sad.swf" name="sad" enable="Y" aid="3851"/>
		<facial id="head_scared.swf" name="scared" enable="Y" aid="3852"/>
		<facial id="head_shocked.swf" name="shocked" enable="Y" aid="3853"/>
		<facial id="head_sick.swf" name="sick" enable="Y" aid="3854"/>
		<facial id="head_sleep.swf" name="sleep" enable="Y" aid="3855"/>
		<facial id="head_surprised.swf" name="surprised" enable="Y" aid="3856"/>
		<facial id="head_talk.swf" name="talk" enable="Y" aid="3857"/>
		<facial id="head_talk_angry.swf" name="talk angry" enable="Y" aid="3858"/>
		<facial id="head_talk_cry.swf" name="talk cry" enable="Y" aid="3859"/>
		<facial id="head_neutral.swf" name="neutral" enable="Y" aid="8515"/>
	</char>
	<char id="simon" name="Simon Bar Sinister" thumb="standing.swf" facing="left" default="standing.swf" motion="walking.swf" enable="Y" is_premium="N" aid="3860" money="0" sharing="0">
		<category name="emotion">
			<action id="angry.swf" name="angry" loop="Y" totalframe="70" enable="Y" aid="3863"/>
			<action id="confused.swf" name="confused" loop="Y" totalframe="100" enable="Y" aid="3864"/>
			<action id="excited.swf" name="excited" loop="Y" totalframe="45" enable="Y" aid="3865"/>
			<action id="sad.swf" name="sad" loop="Y" totalframe="100" enable="Y" aid="3866"/>
			<action id="scheming.swf" name="scheming" loop="Y" totalframe="127" enable="Y" aid="3867"/>
			<action id="shocked.swf" name="shocked" loop="Y" totalframe="87" enable="Y" aid="3868"/>
			<action id="surprised.swf" name="surprised" loop="Y" totalframe="60" enable="Y" aid="3869"/>
		</category>
		<action id="standing.swf" name="standing" loop="Y" totalframe="1" enable="Y" aid="3861"/>
		<motion id="walking.swf" name="walk" loop="Y" totalframe="2" enable="Y" aid="3862"/>
		<action id="beg.swf" name="beg" loop="Y" totalframe="60" enable="Y" aid="3870"/>
		<action id="big_laugh.swf" name="big laugh" loop="Y" totalframe="28" enable="Y" aid="3871"/>
		<action id="covering_ears.swf" name="cover ear" loop="Y" totalframe="1" enable="Y" aid="3872"/>
		<action id="dancing.swf" name="dance" loop="Y" totalframe="21" enable="Y" aid="3873"/>
		<action id="fall_in_love.swf" name="fall in love" loop="Y" totalframe="70" enable="Y" aid="3874"/>
		<action id="falling_down.swf" name="falling down" loop="Y" totalframe="4" enable="Y" aid="3875"/>
		<action id="get_hit.swf" name="get hit" loop="Y" totalframe="60" enable="Y" aid="3876"/>
		<action id="hit.swf" name="hit" loop="Y" totalframe="13" enable="Y" aid="3877"/>
		<action id="kiss.swf" name="kiss" loop="Y" totalframe="70" enable="Y" aid="3878"/>
		<action id="kneeling.swf" name="kneel" loop="Y" totalframe="49" enable="Y" aid="3879"/>
		<action id="laugh.swf" name="laugh" loop="Y" totalframe="4" enable="Y" aid="3880"/>
		<action id="lying_down.swf" name="lying down" loop="Y" totalframe="70" enable="Y" aid="3881"/>
		<action id="point_at.swf" name="point at" loop="Y" totalframe="60" enable="Y" aid="3882"/>
		<action id="sitting.swf" name="sitting" loop="Y" totalframe="1" enable="Y" aid="3883"/>
		<action id="talking.swf" name="talk" loop="Y" totalframe="130" enable="Y" aid="3884"/>
		<action id="throwing_object.swf" name="throw object" loop="Y" totalframe="70" enable="Y" aid="3885"/>
		<action id="wringing_hand.swf" name="wringing hand" loop="Y" totalframe="75" enable="Y" aid="3886"/>
		<motion id="running.swf" name="run" loop="Y" totalframe="12" enable="Y" aid="3887"/>
		<facial id="head_angry.swf" name="angry" enable="Y" aid="3888"/>
		<facial id="head_agree.swf" name="agree" enable="Y" aid="3889"/>
		<facial id="head_big_laugh.swf" name="big laugh" enable="Y" aid="3890"/>
		<facial id="head_bored.swf" name="bored" enable="Y" aid="3891"/>
		<facial id="head_desperate.swf" name="desperate" enable="Y" aid="3892"/>
		<facial id="head_disagree.swf" name="disagree" enable="Y" aid="3893"/>
		<facial id="head_evil_laugh.swf" name="evil laugh" enable="Y" aid="3894"/>
		<facial id="head_fall_in_love.swf" name="fall in love" enable="Y" aid="3895"/>
		<facial id="head_get_an_idea.swf" name="get an idea" enable="Y" aid="3896"/>
		<facial id="head_get_hurt.swf" name="get hurt" enable="Y" aid="3897"/>
		<facial id="head_happy.swf" name="happy" enable="Y" aid="3898"/>
		<facial id="head_kiss.swf" name="kiss" enable="Y" aid="3899"/>
		<facial id="head_look_at_cam.swf" name="look at cam" enable="Y" aid="3900"/>
		<facial id="head_sad.swf" name="sad" enable="Y" aid="3901"/>
		<facial id="head_scared.swf" name="scared" enable="Y" aid="3902"/>
		<facial id="head_scheming.swf" name="scheming" enable="Y" aid="3903"/>
		<facial id="head_sick.swf" name="sick" enable="Y" aid="3904"/>
		<facial id="head_sleep.swf" name="sleep" enable="Y" aid="3905"/>
		<facial id="head_surprised.swf" name="surprised" enable="Y" aid="3906"/>
		<facial id="head_talk.swf" name="talk" enable="Y" aid="3907"/>
		<facial id="head_talk_angry.swf" name="talk angry" enable="Y" aid="3908"/>
		<facial id="head_neutral.swf" name="neutral" enable="Y" aid="8516"/>
	</char>
	<char id="cad" name="Cad" thumb="standing.swf" facing="left" default="standing.swf" motion="walking.swf" enable="Y" is_premium="N" aid="3954" money="0" sharing="0">
		<category name="emotion">
			<action id="angry.swf" name="angry" loop="Y" totalframe="61" enable="Y" aid="3957"/>
			<action id="cry.swf" name="cry" loop="Y" totalframe="58" enable="Y" aid="3958"/>
			<action id="excited.swf" name="excited" loop="Y" totalframe="100" enable="Y" aid="3959"/>
			<action id="suprised.swf" name="surprised" loop="Y" totalframe="72" enable="Y" aid="3960"/>
			<action id="thinking.swf" name="Thinking" loop="Y" totalframe="80" enable="Y" aid="3961"/>
		</category>
		<action id="standing.swf" name="standing" loop="Y" totalframe="61" enable="Y" aid="3955"/>
		<motion id="walking.swf" name="Walk" loop="Y" totalframe="12" enable="Y" aid="3956"/>
		<action id="beg.swf" name="beg" loop="Y" totalframe="29" enable="Y" aid="3962"/>
		<action id="big_laugh.swf" name="big laugh" loop="Y" totalframe="6" enable="Y" aid="3963"/>
		<action id="cough.swf" name="cough" loop="Y" totalframe="68" enable="Y" aid="3964"/>
		<action id="dancing.swf" name="dance" loop="Y" totalframe="20" enable="Y" aid="3965"/>
		<action id="fall_in_love.swf" name="fall in love" loop="Y" totalframe="100" enable="Y" aid="3966"/>
		<action id="falling_down.swf" name="falling down" loop="Y" totalframe="3" enable="Y" aid="3967"/>
		<action id="get_hit.swf" name="get hit" loop="Y" totalframe="80" enable="Y" aid="3968"/>
		<action id="kiss.swf" name="kiss" loop="Y" totalframe="60" enable="Y" aid="3969"/>
		<action id="kneeling.swf" name="kneel" loop="Y" totalframe="55" enable="Y" aid="3970"/>
		<action id="lying_down.swf" name="lying down" loop="Y" totalframe="15" enable="Y" aid="3971"/>
		<action id="point_at.swf" name="point at" loop="Y" totalframe="82" enable="Y" aid="3972"/>
		<action id="sitting.swf" name="Sitting" loop="Y" totalframe="50" enable="Y" aid="3973"/>
		<action id="talking.swf" name="talk" loop="Y" totalframe="100" enable="Y" aid="3974"/>
		<action id="throwing_object.swf" name="throw object" loop="Y" totalframe="52" enable="Y" aid="3975"/>
		<motion id="running.swf" name="run" loop="Y" totalframe="12" enable="Y" aid="3976"/>
		<facial id="head_agree.swf" name="agree" enable="Y" aid="3977"/>
		<facial id="head_angry.swf" name="angry" enable="Y" aid="3978"/>
		<facial id="head_bored.swf" name="bored" enable="Y" aid="3979"/>
		<facial id="head_confused.swf" name="confused" enable="Y" aid="3980"/>
		<facial id="head_cry.swf" name="cry" enable="Y" aid="3981"/>
		<facial id="head_desperate.swf" name="desperate" enable="Y" aid="3982"/>
		<facial id="head_disagree.swf" name="disagree" enable="Y" aid="3983"/>
		<facial id="head_excited.swf" name="excited" enable="Y" aid="3984"/>
		<facial id="head_fall_in_love.swf" name="fall in love" enable="Y" aid="3985"/>
		<facial id="head_furious.swf" name="furious" enable="Y" aid="3986"/>
		<facial id="head_get_an_idea.swf" name="get an idea" enable="Y" aid="3987"/>
		<facial id="head_get_hurt.swf" name="get hurt" enable="Y" aid="3988"/>
		<facial id="head_happy.swf" name="happy" enable="Y" aid="3989"/>
		<facial id="head_kiss.swf" name="kiss" enable="Y" aid="3990"/>
		<facial id="head_laugh.swf" name="laugh" enable="Y" aid="3991"/>
		<facial id="head_sad.swf" name="sad" enable="Y" aid="3992"/>
		<facial id="head_scared.swf" name="scared" enable="Y" aid="3993"/>
		<facial id="head_shocked.swf" name="shocked" enable="Y" aid="3994"/>
		<facial id="head_sick.swf" name="sick" enable="Y" aid="3995"/>
		<facial id="head_sleep.swf" name="sleep" enable="Y" aid="3996"/>
		<facial id="head_surprised.swf" name="surprised" enable="Y" aid="3997"/>
		<facial id="head_talk.swf" name="talk" enable="Y" aid="3998"/>
		<facial id="head_talking_in_love.swf" name="talk in love" enable="Y" aid="3999"/>
		<facial id="head_look_at_camera.swf" name="look at camera" enable="Y" aid="4000"/>
		<facial id="head_neutral.swf" name="neutral" enable="Y" aid="8517"/>
	</char>
	<background id="police_station_bg.swf" name="Police Station" enable="Y" is_premium="N" aid="3909" money="0" sharing="0"/>
	<background id="sky_panning_vertical_bg.swf" name="" enable="N" is_premium="N" aid="4011" money="0" sharing="0"/>
	<background id="plane_crashing_bg.swf" name="" enable="N" is_premium="N" aid="4010" money="0" sharing="0"/>
	<background id="sinister_castle_bg.swf" name="" enable="N" is_premium="N" aid="4009" money="0" sharing="0"/>
	<background id="jail_outside_bg.swf" name="" enable="N" is_premium="N" aid="4008" money="0" sharing="0"/>
	<background id="prison_window_bg.swf" name="" enable="N" is_premium="N" aid="4007" money="0" sharing="0"/>
	<background id="city_skyline_bg.swf" name="" enable="N" is_premium="N" aid="4006" money="0" sharing="0"/>
	<background id="bank_outside_bg.swf" name="" enable="N" is_premium="N" aid="4005" money="0" sharing="0"/>
	<background id="bank_inside_bg.swf" name="" enable="N" is_premium="N" aid="4004" money="0" sharing="0"/>
	<background id="alley_bg.swf" name="" enable="N" is_premium="N" aid="4003" money="0" sharing="0"/>
	<background id="tv_station_bg.swf" name="news report studio" enable="N" is_premium="N" aid="3916" money="0" sharing="0"/>
	<background id="sinister_living_room_bg.swf" name="sinister living room" enable="N" is_premium="N" aid="3915" money="0" sharing="0"/>
	<background id="sinister_lab2_bg.swf" name="Sinister Lab 2" enable="N" is_premium="N" aid="3914" money="0" sharing="0"/>
	<background id="riffraff_hideout_bg.swf" name="Riff Raff hideout" enable="N" is_premium="N" aid="3913" money="0" sharing="0"/>
	<background id="polly_office_bg.swf" name="polly office" enable="N" is_premium="N" aid="3912" money="0" sharing="0"/>
	<background id="phone_booth_bg.swf" name="phone booth" enable="N" is_premium="N" aid="3911" money="0" sharing="0"/>
	<background id="sinister_lab1_bg.swf" name="Sinister Lab 1" enable="Y" is_premium="N" aid="3910" money="0" sharing="0"/>
	<background id="sinister_basement.swf" name="Sinister Basement" enable="Y" is_premium="N" aid="4012" money="0" sharing="0"/>
	<compositebg id="phone_booth" name="phone booth" thumb="phone_booth.jpg" enable="Y" default="Y" is_premium="N" aid="3917" money="0" sharing="0">
	<bg id="phone_booth_BG8" index="0">
		<file>underdog.phone_booth_bg.swf</file>
	</bg>
	<prop id="phone_booth_PROP2" index="2">
		<file>underdog.phone_booth_booth.swf</file>
		<x>387</x>
		<y>239</y>
		<xscale>1.02</xscale>
		<yscale>1.02</yscale>
		<face>1</face>
		<rotation>0</rotation>
	</prop>
</compositebg>
	<compositebg id="plane_crashing" name="plane crashing" thumb="plane_crashing.jpg" enable="Y" is_premium="N" aid="4020" money="0" sharing="0">
	<bg id="plane_crashing_BG13" index="0">
		<file>underdog.plane_crashing_bg.swf</file>
	</bg>
	<prop id="plane_crashing_PROP2" index="2">
		<file>underdog.plane_crashing_plane.swf</file>
		<x>321.2</x>
		<y>211</y>
		<xscale>1</xscale>
		<yscale>1</yscale>
		<face>1</face>
		<rotation>0</rotation>
	</prop>
</compositebg>
	<compositebg id="sinister_castle" name="sinister castle" thumb="sinister_castle.jpg" enable="Y" is_premium="N" aid="4019" money="0" sharing="0">
	<bg id="sinister_castel_BG13" index="0">
		<file>underdog.sinister_castle_bg.swf</file>
	</bg>
	<prop id="sinister_castel_PROP2" index="2">
		<file>underdog.sinister_castle_gate.swf</file>
		<x>321.6</x>
		<y>305.2</y>
		<xscale>1</xscale>
		<yscale>1</yscale>
		<face>1</face>
		<rotation>0</rotation>
	</prop>
</compositebg>
	<compositebg id="jail_outside" name="jail outside" thumb="jail_outside.jpg" enable="Y" is_premium="N" aid="4018" money="0" sharing="0">
	<bg id="jail_outside_BG13" index="0">
		<file>underdog.jail_outside_bg.swf</file>
	</bg>
	<prop id="jail_outside_PROP2" index="2">
		<file>underdog.jail_outside_fence.swf</file>
		<x>320.2</x>
		<y>281</y>
		<xscale>1</xscale>
		<yscale>1</yscale>
		<face>1</face>
		<rotation>0</rotation>
	</prop>
</compositebg>
	<compositebg id="prison_window" name="prison window" thumb="prison_window.jpg" enable="Y" is_premium="N" aid="4017" money="0" sharing="0">
	<bg id="prison_window_BG13" index="0">
		<file>underdog.prison_window_bg.swf</file>
	</bg>
	<prop id="prison_window_PROP2" index="2">
		<file>underdog.prison_window_window.swf</file>
		<x>308.2</x>
		<y>212</y>
		<xscale>1</xscale>
		<yscale>1</yscale>
		<face>1</face>
		<rotation>0</rotation>
	</prop>
</compositebg>
	<compositebg id="city_skyline" name="city skyline" thumb="city_skyline.jpg" enable="Y" is_premium="N" aid="4016" money="0" sharing="0">
	<bg id="city_skyline_BG13" index="0">
		<file>underdog.city_skyline_bg.swf</file>
	</bg>
	<prop id="city_skyline_PROP3" index="2">
		<file>underdog.city_skyline_cloud.swf</file>
		<x>-38.8</x>
		<y>157</y>
		<xscale>1</xscale>
		<yscale>1</yscale>
		<face>1</face>
		<rotation>0</rotation>
	</prop>
</compositebg>
	<compositebg id="bank_outside" name="bank outside" thumb="bank_outside.jpg" enable="Y" is_premium="N" aid="4015" money="0" sharing="0">
	<bg id="bank_outside_BG14" index="0">
		<file>underdog.bank_outside_bg.swf</file>
	</bg>
	<prop id="bank_outside_PROP2" index="2">
		<file>underdog.bank_outside_building.swf</file>
		<x>339.2</x>
		<y>308</y>
		<xscale>1</xscale>
		<yscale>1</yscale>
		<face>1</face>
		<rotation>0</rotation>
	</prop>
	<prop id="bank_outside_PROP3" index="3">
		<file>underdog.bank_outside_smoke.swf</file>
		<x>405.2</x>
		<y>62</y>
		<xscale>1</xscale>
		<yscale>1</yscale>
		<face>1</face>
		<rotation>0</rotation>
	</prop>
</compositebg>
	<compositebg id="bank_inside" name="bank inside" thumb="bank_inside.jpg" enable="Y" is_premium="N" aid="4014" money="0" sharing="0">
	<bg id="bank_inside_BG13" index="0">
		<file>underdog.bank_inside_bg.swf</file>
	</bg>
	<prop id="bank_inside_PROP2" index="2">
		<file>underdog.bank_inside_fence.swf</file>
		<x>499</x>
		<y>293</y>
		<xscale>1</xscale>
		<yscale>1</yscale>
		<face>1</face>
		<rotation>0</rotation>
	</prop>
	<prop id="bank_inside_PROP3" index="3">
		<file>underdog.bank_inside_wall.swf</file>
		<x>175.2</x>
		<y>190</y>
		<xscale>1</xscale>
		<yscale>1</yscale>
		<face>1</face>
		<rotation>0</rotation>
	</prop>
</compositebg>
	<compositebg id="alley" name="alley" thumb="alley.jpg" enable="Y" is_premium="N" aid="4013" money="0" sharing="0">
	<bg id="alley_BG25" index="0">
		<file>underdog.alley_bg.swf</file>
	</bg>
	<prop id="alley_PROP5" index="2">
		<file>underdog.alley_hole.swf</file>
		<x>467.1</x>
		<y>196.5</y>
		<xscale>1</xscale>
		<yscale>1</yscale>
		<face>1</face>
		<rotation>0</rotation>
	</prop>
</compositebg>
	<compositebg id="riffraff_hideout" name="Riff Raff hideout" thumb="riffraff_hideout.jpg" enable="Y" is_premium="N" aid="3922" money="0" sharing="0">
	<bg id="riffraff_hideout_BG6" index="0">
		<file>underdog.riffraff_hideout_bg.swf</file>
	</bg>
	<prop id="riffraff_hideout_PROP2" index="2">
		<file>underdog.riffraff_hideout_table.swf</file>
		<x>450.2</x>
		<y>273</y>
		<xscale>1</xscale>
		<yscale>1</yscale>
		<face>1</face>
		<rotation>0</rotation>
	</prop>
	<prop id="riffraff_hideout_PROP3" index="3">
		<file>underdog.tv_station_table.swf</file>
		<x>-285.8</x>
		<y>307</y>
		<xscale>1</xscale>
		<yscale>1</yscale>
		<face>1</face>
		<rotation>0</rotation>
	</prop>
	<prop id="riffraff_hideout_PROP5" index="4">
		<file>underdog.riffraff_hideout_chair.swf</file>
		<x>324.2</x>
		<y>283</y>
		<xscale>1</xscale>
		<yscale>1</yscale>
		<face>1</face>
		<rotation>0</rotation>
	</prop>
</compositebg>
	<compositebg id="sinister_lab2" name="Sinister Lab 2" thumb="sinister_lab2.jpg" enable="Y" is_premium="N" aid="3921" money="0" sharing="0">
	<bg id="sinister_lab2_BG7" index="0">
		<file>underdog.sinister_lab2_bg.swf</file>
	</bg>
	<prop id="sinister_lab2_PROP2" index="2">
		<file>underdog.sinister_lab2_bucket.swf</file>
		<x>481.2</x>
		<y>324</y>
		<xscale>1</xscale>
		<yscale>1</yscale>
		<face>1</face>
		<rotation>0</rotation>
	</prop>
</compositebg>
	<compositebg id="sinister_living_room" name="sinister living room" thumb="sinister_living_room.jpg" enable="Y" is_premium="N" aid="3920" money="0" sharing="0">
	<bg id="sinister_living_room_BG6" index="0">
		<file>underdog.sinister_living_room_bg.swf</file>
	</bg>
	<prop id="sinister_living_room_PROP2" index="2">
		<file>underdog.sinister_living_room_sofa.swf</file>
		<x>521.2</x>
		<y>243</y>
		<xscale>1</xscale>
		<yscale>1</yscale>
		<face>1</face>
		<rotation>0</rotation>
	</prop>
</compositebg>
	<compositebg id="tv_station" name="news report studio" thumb="tv_station.jpg" enable="Y" is_premium="N" aid="3919" money="0" sharing="0">
	<bg id="tv_station_BG6" index="0">
		<file>underdog.tv_station_bg.swf</file>
	</bg>
	<prop id="tv_station_PROP2" index="2">
		<file>underdog.tv_station_table.swf</file>
		<x>274.2</x>
		<y>286</y>
		<xscale>1</xscale>
		<yscale>1</yscale>
		<face>1</face>
		<rotation>0</rotation>
	</prop>
	<prop id="tv_station_PROP3" index="3">
		<file>underdog.tv_station_camera.swf</file>
		<x>457.2</x>
		<y>310</y>
		<xscale>0.93</xscale>
		<yscale>0.93</yscale>
		<face>1</face>
		<rotation>0</rotation>
	</prop>
</compositebg>
	<compositebg id="polly_office" name="polly office" thumb="polly_office.jpg" enable="Y" is_premium="N" aid="3918" money="0" sharing="0">
	<bg id="polly_office_BG8" index="0">
		<file>underdog.polly_office_bg.swf</file>
	</bg>
	<prop id="polly_office_PROP2" index="2">
		<file>underdog.polly_office_table.swf</file>
		<x>458.2</x>
		<y>283</y>
		<xscale>1</xscale>
		<yscale>1</yscale>
		<face>1</face>
		<rotation>0</rotation>
	</prop>
</compositebg>
	<compositebg id="sky_vertical" name="sky panning vertical" thumb="sky_panning_vertical.jpg" enable="Y" is_premium="N" aid="4021" money="0" sharing="0">
	<bg id="sky_vertical_BG18" index="0">
		<file>underdog.sky_panning_vertical_bg.swf</file>
	</bg>
	<prop id="sky_vertical_PROP2" index="2">
		<file>underdog.sky_panning_vertical_cloud.swf</file>
		<x>410.2</x>
		<y>-18</y>
		<xscale>1</xscale>
		<yscale>1</yscale>
		<face>1</face>
		<rotation>0</rotation>
	</prop>
</compositebg>
	<prop id="phone_booth_booth.swf" name="" holdable="0" placeable="1" wearable="0" facing="left" thumb="" enable="N" is_premium="N" aid="3923" money="0" sharing="0"/>
	<prop id="riffraff_hideout_chair.swf" name="Chair" holdable="0" placeable="1" wearable="0" facing="left" thumb="" enable="Y" is_premium="N" aid="3942" money="0" sharing="0"/>
	<prop id="sinister_lab2_bucket.swf" name="Bucket" holdable="0" placeable="1" wearable="0" facing="left" thumb="" enable="Y" is_premium="N" aid="3943" money="0" sharing="0"/>
	<prop id="sinister_living_room_sofa.swf" name="Sofa" holdable="0" placeable="1" wearable="0" facing="left" thumb="" enable="Y" is_premium="N" aid="3944" money="0" sharing="0"/>
	<prop id="tv_station_camera.swf" name="Camera" holdable="0" placeable="1" wearable="0" facing="left" thumb="" enable="Y" is_premium="N" aid="3945" money="0" sharing="0"/>
	<prop id="alley_hole.swf" name="" holdable="0" placeable="1" wearable="0" facing="left" thumb="" enable="N" is_premium="N" aid="4022" money="0" sharing="0"/>
	<prop id="bank_inside_fence.swf" name="" holdable="0" placeable="1" wearable="0" facing="left" thumb="" enable="N" is_premium="N" aid="4023" money="0" sharing="0"/>
	<prop id="bank_inside_wall.swf" name="" holdable="0" placeable="1" wearable="0" facing="left" thumb="" enable="N" is_premium="N" aid="4024" money="0" sharing="0"/>
	<prop id="bank_outside_smoke.swf" name="Smoke" holdable="0" placeable="1" wearable="0" facing="left" thumb="" enable="Y" is_premium="N" aid="4025" money="0" sharing="0"/>
	<prop id="bank_outside_building.swf" name="" holdable="0" placeable="1" wearable="0" facing="left" thumb="" enable="N" is_premium="N" aid="4026" money="0" sharing="0"/>
	<prop id="city_skyline_cloud.swf" name="" holdable="0" placeable="1" wearable="0" facing="left" thumb="" enable="N" is_premium="N" aid="4027" money="0" sharing="0"/>
	<prop id="prison_window_window.swf" name="" holdable="0" placeable="1" wearable="0" facing="left" thumb="" enable="N" is_premium="N" aid="4028" money="0" sharing="0"/>
	<prop id="jail_outside_fence.swf" name="" holdable="0" placeable="1" wearable="0" facing="left" thumb="" enable="N" is_premium="N" aid="4029" money="0" sharing="0"/>
	<prop id="sinister_castle_gate.swf" name="" holdable="0" placeable="1" wearable="0" facing="left" thumb="" enable="N" is_premium="N" aid="4030" money="0" sharing="0"/>
	<prop id="sky_panning_vertical_cloud.swf" name="" holdable="0" placeable="1" wearable="0" facing="left" thumb="" enable="N" is_premium="N" aid="4031" money="0" sharing="0"/>
	<prop id="plane_crashing_plane.swf" name="" holdable="0" placeable="1" wearable="0" facing="left" thumb="" enable="Y" is_premium="N" aid="4032" money="0" sharing="0"/>
	<prop id="wanted_poster.swf" name="Wanted Poster" holdable="1" placeable="1" wearable="0" facing="left" thumb="" enable="Y" is_premium="N" aid="3941" money="0" sharing="0"/>
	<prop id="tv_set.swf" name="TV Set" holdable="0" placeable="1" wearable="0" facing="left" thumb="" enable="Y" is_premium="N" aid="3940" money="0" sharing="0"/>
	<prop id="transformation_FX.swf" name="Transformation FX" holdable="0" placeable="1" wearable="0" facing="left" thumb="" enable="Y" is_premium="N" aid="3939" money="0" sharing="0"/>
	<prop id="polly_office_table.swf" name="" holdable="0" placeable="1" wearable="0" facing="left" thumb="" enable="N" is_premium="N" aid="3924" money="0" sharing="0"/>
	<prop id="riffraff_hideout_table.swf" name="" holdable="0" placeable="1" wearable="0" facing="left" thumb="" enable="N" is_premium="N" aid="3925" money="0" sharing="0"/>
	<prop id="tv_station_table.swf" name="" holdable="0" placeable="1" wearable="0" facing="left" thumb="" enable="N" is_premium="N" aid="3926" money="0" sharing="0"/>
	<prop id="broken_wall.swf" name="Broken Wall" holdable="0" placeable="1" wearable="0" facing="left" thumb="" enable="Y" is_premium="N" aid="3927" money="0" sharing="0"/>
	<prop id="cudgel.swf" name="Cudgel" holdable="1" placeable="1" wearable="0" facing="left" thumb="" enable="Y" is_premium="N" aid="3928" money="0" sharing="0"/>
	<prop id="exploding_booth.swf" name="Exploding Booth" holdable="0" placeable="1" wearable="0" facing="left" thumb="" enable="Y" is_premium="N" aid="3929" money="0" sharing="0"/>
	<prop id="fire_hydrant.swf" name="Fire Hydrant" holdable="0" placeable="1" wearable="0" facing="left" thumb="" enable="Y" is_premium="N" aid="3930" money="0" sharing="0"/>
	<prop id="flask.swf" name="Flask" holdable="1" placeable="1" wearable="0" facing="left" thumb="" enable="Y" is_premium="N" aid="3931" money="0" sharing="0"/>
	<prop id="helicopter.swf" name="Helicopter" holdable="0" placeable="1" wearable="0" facing="left" thumb="" enable="Y" is_premium="N" aid="3932" money="0" sharing="0"/>
	<prop id="radio.swf" name="Radio" holdable="1" placeable="1" wearable="0" facing="left" thumb="" enable="Y" is_premium="N" aid="3933" money="0" sharing="0"/>
	<prop id="riff_car.swf" name="Riff's Car" holdable="0" placeable="1" wearable="0" facing="left" thumb="" enable="Y" is_premium="N" aid="3934" money="0" sharing="0"/>
	<prop id="run_speed_lines.swf" name="Run Speed Lines" holdable="0" placeable="1" wearable="0" facing="left" thumb="" enable="Y" is_premium="N" aid="3935" money="0" sharing="0"/>
	<prop id="shoeshine_box.swf" name="Shoeshine's Box" holdable="1" placeable="1" wearable="0" facing="left" thumb="" enable="Y" is_premium="N" aid="3936" money="0" sharing="0"/>
	<prop id="take_off_speed_line.swf" name="Take Off Speed Line" holdable="0" placeable="1" wearable="0" facing="left" thumb="" enable="Y" is_premium="N" aid="3937" money="0" sharing="0"/>
	<prop id="test_tube.swf" name="Test Tube" holdable="1" placeable="1" wearable="0" facing="left" thumb="" enable="Y" is_premium="N" aid="3938" money="0" sharing="0"/>
	<prop id="christmas_hat2.swf" name="Christmas Hat" holdable="0" placeable="1" wearable="1" facing="left" thumb="" enable="Y" is_premium="N" aid="4770" money="0" sharing="0"/>
	<sound id="polly_where_underdog.swf" name="Sweet Polly Purebred-where is underdog" downloadtype="embed" subtype="voiceover" duration="13272" enable="Y" is_premium="N" aid="4033" money="0" sharing="0"/>
	<sound id="riff_great_leader.swf" name="Riff Raff-Greatest Leader" downloadtype="embed" subtype="voiceover" duration="4704" enable="Y" is_premium="N" aid="4034" money="0" sharing="0"/>
	<sound id="shoeshine_hip_hip.swf" name="Shoeshine-Hip hip Hip" downloadtype="embed" subtype="voiceover" duration="8400" enable="Y" is_premium="N" aid="4035" money="0" sharing="0"/>
	<sound id="simon_ill_conquer_world.swf" name="Simon-ill conquer the world" downloadtype="embed" subtype="voiceover" duration="9576" enable="Y" is_premium="N" aid="4036" money="0" sharing="0"/>
	<sound id="ud_no_need_fear.swf" name="Underdog-No Need to Fear" downloadtype="embed" subtype="voiceover" duration="4560" enable="Y" is_premium="N" aid="4037" money="0" sharing="0"/>
	<sound id="ud_not_plane.swf" name="Underdog-Not Plane" downloadtype="embed" subtype="voiceover" duration="9528" enable="Y" is_premium="N" aid="4038" money="0" sharing="0"/>
	<sound id="ud_open.swf" name="Underdog-Open" downloadtype="progressive" subtype="bgmusic" duration="38713" enable="N" is_premium="N" aid="4039" money="0" sharing="0"/>
	<sound id="ud_open.mp3" name="Underdog-Open" downloadtype="progressive" subtype="bgmusic" duration="38713" enable="Y" is_premium="N" aid="6054" money="0" sharing="0"/>
	<presetMsg id="underdogpm1" quote="There's no need to fear! Underdog is here!" aid="3946" enable="N" is_premium="N" money="0" sharing="0"/>
	<presetMsg id="underdogpm2" quote="Not plane nor bird nor even frog. It's just little old me..." aid="3947" enable="N" is_premium="N" money="0" sharing="0"/>
	<presetMsg id="underdogpm3" quote="I am a hero who never fails, I can't be bothered with such details" aid="3948" enable="N" is_premium="N" money="0" sharing="0"/>
	<presetMsg id="underdogpm4" quote="Where, Oh Where has my Underdog gone, Oh where, oh where can he be?" aid="3949" enable="N" is_premium="N" money="0" sharing="0"/>
	<presetMsg id="underdogpm5" quote="I'm Public Enemy Number One" aid="3950" enable="N" is_premium="N" money="0" sharing="0"/>
	<presetMsg id="underdogpm6" quote="Simon says &quot;I'll take over the world&quot;" aid="3951" enable="N" is_premium="N" money="0" sharing="0"/>
	<presetMsg id="underdogpm7" quote="Simon's wish is my command" aid="3952" enable="N" is_premium="N" money="0" sharing="0"/>
	<presetMsg id="underdogpm8" quote="When Polly's in trouble I am not slow, it's Hip, Hip, Hip and away I go!" aid="3953" enable="N" is_premium="N" money="0" sharing="0"/>
</theme>
