<?xml version="1.0" encoding="utf-8"?>
<theme id="willie" name="Willie Nelson">
	<char id="basic_willie" name="Willie Nelson" thumb="standing.swf" facing="left" default="standing.swf" motion="walking.swf" enable="Y" is_premium="N" aid="5740" money="0" sharing="0">
		<category name="dance">
			<action id="dance2.swf" name="shake those hips" loop="Y" totalframe="89" enable="Y" aid="5743"/>
			<action id="dance1.swf" name="celebration" loop="Y" totalframe="89" enable="Y" aid="5744"/>
		</category>
		<category name="Emotion">
			<action id="happy.swf" name="happy" loop="Y" totalframe="73" enable="Y" aid="5745"/>
			<action id="sad.swf" name="sad" loop="Y" totalframe="60" enable="Y" aid="5746"/>
			<action id="surprised.swf" name="surprised" loop="Y" totalframe="80" enable="Y" aid="5747"/>
			<action id="thinking.swf" name="thinking" loop="Y" totalframe="70" enable="Y" aid="5748"/>
			<action id="big_laugh.swf" name="big laugh" loop="Y" totalframe="61" enable="Y" aid="5749"/>
		</category>
		<category name="play guitar">
			<action id="strum_guitar.swf" name="strum" loop="Y" totalframe="100" enable="Y" aid="5750"/>
			<action id="solo_guitar.swf" name="solo" loop="Y" totalframe="100" enable="Y" aid="5751"/>
		</category>
		<category name="sitting">
			<action id="sitting_guitar.swf" name="play guitar" loop="Y" totalframe="123" enable="Y" aid="5752"/>
			<action id="sitting.swf" name="still" loop="Y" totalframe="50" enable="Y" aid="5753"/>
		</category>
		<action id="standing.swf" name="standing" loop="Y" totalframe="70" enable="Y" aid="5741"/>
		<motion id="walking.swf" name="walk" loop="Y" totalframe="24" enable="Y" aid="5742"/>
		<action id="pointing.swf" name="point" loop="Y" totalframe="41" enable="Y" aid="5754"/>
		<action id="talk.swf" name="talk" loop="Y" totalframe="125" enable="Y" aid="5755"/>
		<action id="sing.swf" name="sing" loop="Y" totalframe="118" enable="Y" aid="5756"/>
		<action id="rub_eyes.swf" name="rub eyes in disbelief" loop="Y" totalframe="100" enable="Y" aid="5757"/>
		<action id="ride_horse_still.swf" name="ride horse (still)" loop="Y" totalframe="60" enable="Y" aid="5758"/>
		<action id="shoot_pool.swf" name="shoot pool" loop="Y" totalframe="100" enable="Y" aid="5759"/>
		<action id="swing_golf.swf" name="swing golf club" loop="Y" totalframe="100" enable="Y" aid="5760"/>
		<action id="drink_beer.swf" name="drink beer" loop="Y" totalframe="90" enable="Y" aid="5761"/>
		<motion id="run.swf" name="run" loop="Y" totalframe="18" enable="Y" aid="5762"/>
		<motion id="ride_horse.swf" name="ride horse" loop="Y" totalframe="28" enable="Y" aid="5763"/>
		<facial id="head_wide_smile.swf" name="extra wide smile" enable="Y" aid="5764"/>
		<facial id="head_happy.swf" name="happy" enable="Y" aid="5765"/>
		<facial id="head_sad.swf" name="sad" enable="Y" aid="5766"/>
		<facial id="head_frown.swf" name="frown" enable="Y" aid="5767"/>
		<facial id="head_wink.swf" name="wink" enable="Y" aid="5768"/>
		<facial id="head_talk_happy.swf" name="talk happy" enable="Y" aid="5769"/>
		<facial id="head_talk.swf" name="talk" enable="Y" aid="5770"/>
		<facial id="head_thinking.swf" name="thinking" enable="Y" aid="5771"/>
		<facial id="head_shocked.swf" name="shocked" enable="Y" aid="5772"/>
		<facial id="head_talk_serious.swf" name="talk serious" enable="Y" aid="5773"/>
		<facial id="head_grin.swf" name="grin" enable="Y" aid="5774"/>
		<facial id="head_sing_close_eye.swf" name="sing with closed eyes" enable="Y" aid="5775"/>
		<facial id="head_neutral.swf" name="neutral" enable="Y" aid="8507"/>
	</char>
	<char id="naked_willie" name="Naked Willie" thumb="standing.swf" facing="left" default="standing.swf" motion="walking.swf" enable="Y" is_premium="N" aid="5776" money="0" sharing="0">
		<category name="Emotion">
			<action id="happy.swf" name="happy" loop="Y" totalframe="73" enable="Y" aid="5779"/>
			<action id="sad.swf" name="sad" loop="Y" totalframe="40" enable="Y" aid="5780"/>
			<action id="surprised.swf" name="suprised" loop="Y" totalframe="80" enable="Y" aid="5781"/>
			<action id="thinking.swf" name="thinking" loop="Y" totalframe="65" enable="Y" aid="5782"/>
			<action id="look_escape.swf" name="desperate" loop="Y" totalframe="116" enable="Y" aid="5783"/>
		</category>
		<action id="standing.swf" name="standing" loop="Y" totalframe="87" enable="Y" aid="5777"/>
		<motion id="walking.swf" name="walk" loop="Y" totalframe="26" enable="Y" aid="5778"/>
		<action id="sitting.swf" name="sitting" loop="Y" totalframe="65" enable="Y" aid="5784"/>
		<action id="dance.swf" name="dance" loop="Y" totalframe="52" enable="Y" aid="5785"/>
		<action id="pointing.swf" name="point" loop="Y" totalframe="49" enable="Y" aid="5786"/>
		<action id="strum_guitar.swf" name="strum guitar" loop="Y" totalframe="72" enable="Y" aid="5787"/>
		<action id="sing.swf" name="sing" loop="Y" totalframe="96" enable="Y" aid="5788"/>
		<action id="shower_sing.swf" name="taking shower and singing" loop="Y" totalframe="88" enable="Y" aid="5789"/>
		<action id="in_barrel.swf" name="in barrel" loop="Y" totalframe="65" enable="Y" aid="5790"/>
		<action id="drink_beer.swf" name="drink beer" loop="Y" totalframe="86" enable="Y" aid="5791"/>
		<action id="towel_rub.swf" name="towel rubbing" loop="Y" totalframe="66" enable="Y" aid="5792"/>
		<motion id="run.swf" name="run" loop="Y" totalframe="13" enable="Y" aid="5793"/>
		<motion id="in_barrel_walk.swf" name="in barrel walking" loop="Y" totalframe="34" enable="Y" aid="5794"/>
		<motion id="in_barrel_run.swf" name="in barrel run" loop="Y" totalframe="13" enable="Y" aid="5795"/>
		<facial id="head_wide_smile.swf" name="extra wide smile" enable="Y" aid="5796"/>
		<facial id="head_happy.swf" name="happy" enable="Y" aid="5797"/>
		<facial id="head_sad.swf" name="sad" enable="Y" aid="5798"/>
		<facial id="head_frown.swf" name="frown" enable="Y" aid="5799"/>
		<facial id="head_wink.swf" name="wink" enable="Y" aid="5800"/>
		<facial id="head_talk_happy.swf" name="talk happy" enable="Y" aid="5801"/>
		<facial id="head_talk.swf" name="talk" enable="Y" aid="5802"/>
		<facial id="head_thinking.swf" name="thinking" enable="Y" aid="5803"/>
		<facial id="head_shocked.swf" name="shocked" enable="Y" aid="5804"/>
		<facial id="head_talk_serious.swf" name="talk serious" enable="Y" aid="5805"/>
		<facial id="head_grin.swf" name="grin" enable="Y" aid="5806"/>
		<facial id="head_sing_close_eye.swf" name="sing with closed eyes" enable="Y" aid="5807"/>
		<facial id="head_neutral.swf" name="neutral" enable="Y" aid="8508"/>
	</char>
	<char id="super_willie" name="Super Willie" thumb="standing.swf" facing="left" default="standing.swf" motion="walking.swf" enable="Y" is_premium="N" aid="5808" money="0" sharing="0">
		<category name="Emotion">
			<action id="happy.swf" name="happy" loop="Y" totalframe="85" enable="Y" aid="5811"/>
			<action id="sad.swf" name="sad" loop="Y" totalframe="83" enable="Y" aid="5812"/>
			<action id="surprised.swf" name="suprised" loop="Y" totalframe="46" enable="Y" aid="5813"/>
			<action id="thinking.swf" name="thinking" loop="Y" totalframe="100" enable="Y" aid="5814"/>
		</category>
		<action id="standing.swf" name="standing" loop="Y" totalframe="47" enable="Y" aid="5809"/>
		<motion id="walking.swf" name="walk" loop="Y" totalframe="24" enable="Y" aid="5810"/>
		<action id="sitting.swf" name="sitting" loop="Y" totalframe="45" enable="Y" aid="5815"/>
		<action id="dance.swf" name="dance" loop="Y" totalframe="14" enable="Y" aid="5816"/>
		<action id="pointing.swf" name="point" loop="Y" totalframe="23" enable="Y" aid="5817"/>
		<action id="strum_guitar.swf" name="strum guitar" loop="Y" totalframe="109" enable="Y" aid="5818"/>
		<action id="sing.swf" name="sing" loop="Y" totalframe="99" enable="Y" aid="5819"/>
		<action id="landing.swf" name="land" loop="Y" totalframe="69" enable="Y" aid="5820"/>
		<action id="take_off.swf" name="take off" loop="Y" totalframe="44" enable="Y" aid="5821"/>
		<action id="victory.swf" name="show muscles off" loop="Y" totalframe="104" enable="Y" aid="5822"/>
		<motion id="run.swf" name="run" loop="Y" totalframe="23" enable="Y" aid="5823"/>
		<motion id="fly.swf" name="fly" loop="Y" totalframe="17" enable="Y" aid="5824"/>
		<facial id="head_wide_smile.swf" name="extra wide smile" enable="Y" aid="5825"/>
		<facial id="head_happy.swf" name="happy" enable="Y" aid="5826"/>
		<facial id="head_sad.swf" name="sad" enable="Y" aid="5827"/>
		<facial id="head_frown.swf" name="frown" enable="Y" aid="5828"/>
		<facial id="head_wink.swf" name="wink" enable="Y" aid="5829"/>
		<facial id="head_talk_happy.swf" name="talk happy" enable="Y" aid="5830"/>
		<facial id="head_talk.swf" name="talk" enable="Y" aid="5831"/>
		<facial id="head_thinking.swf" name="thinking" enable="Y" aid="5832"/>
		<facial id="head_shocked.swf" name="shocked" enable="Y" aid="5833"/>
		<facial id="head_talk_serious.swf" name="talk serious" enable="Y" aid="5834"/>
		<facial id="head_grin.swf" name="grin" enable="Y" aid="5835"/>
		<facial id="head_sing_close_eye.swf" name="sing with closed eyes" enable="Y" aid="5836"/>
		<facial id="head_neutral.swf" name="neutral" enable="Y" aid="8509"/>
	</char>
	<char id="mickey_raphael" name="Mickey Raphael" thumb="standing.swf" facing="left" default="standing.swf" motion="walking.swf" enable="Y" is_premium="N" aid="5837" money="0" sharing="0">
		<category name="Emotion">
			<action id="happy.swf" name="happy" loop="Y" totalframe="103" enable="Y" aid="5840"/>
			<action id="sad.swf" name="sad" loop="Y" totalframe="36" enable="Y" aid="5841"/>
			<action id="surprised.swf" name="suprised" loop="Y" totalframe="40" enable="Y" aid="5842"/>
			<action id="thinking.swf" name="thinking" loop="Y" totalframe="120" enable="Y" aid="5843"/>
		</category>
		<action id="standing.swf" name="standing" loop="Y" totalframe="37" enable="Y" aid="5838"/>
		<motion id="walking.swf" name="walk" loop="Y" totalframe="24" enable="Y" aid="5839"/>
		<action id="sitting.swf" name="sitting" loop="Y" totalframe="37" enable="Y" aid="5844"/>
		<action id="dance.swf" name="dance" loop="Y" totalframe="54" enable="Y" aid="5845"/>
		<action id="pointing.swf" name="point" loop="Y" totalframe="27" enable="Y" aid="5846"/>
		<action id="play_harmonica.swf" name="play harmonica" loop="Y" totalframe="100" enable="Y" aid="5847"/>
		<action id="sing.swf" name="sing" loop="Y" totalframe="100" enable="Y" aid="5848"/>
		<action id="drink_beer.swf" name="drink beer" loop="Y" totalframe="50" enable="Y" aid="5849"/>
		<action id="shoot_pool.swf" name="shoot pool" loop="Y" totalframe="72" enable="Y" aid="5850"/>
		<action id="talk.swf" name="talk" loop="Y" totalframe="93" enable="Y" aid="5851"/>
		<action id="swing_golf.swf" name="swing golf club" loop="Y" totalframe="100" enable="Y" aid="5852"/>
		<motion id="run.swf" name="run" loop="Y" totalframe="16" enable="Y" aid="5853"/>
		<facial id="head_wide_smile.swf" name="extra wide smile" enable="Y" aid="5854"/>
		<facial id="head_happy.swf" name="happy" enable="Y" aid="5855"/>
		<facial id="head_sad.swf" name="sad" enable="Y" aid="5856"/>
		<facial id="head_frown.swf" name="frown" enable="Y" aid="5857"/>
		<facial id="head_wink.swf" name="wink" enable="Y" aid="5858"/>
		<facial id="head_talk_happy.swf" name="talk happy" enable="Y" aid="5859"/>
		<facial id="head_talk.swf" name="talk" enable="Y" aid="5860"/>
		<facial id="head_thinking.swf" name="thinking" enable="Y" aid="5861"/>
		<facial id="head_shocked.swf" name="shocked" enable="Y" aid="5862"/>
		<facial id="head_talk_serious.swf" name="talk serious" enable="Y" aid="5863"/>
		<facial id="head_grin.swf" name="grin" enable="Y" aid="5864"/>
		<facial id="head_neutral.swf" name="neutral" enable="Y" aid="8510"/>
	</char>
	<char id="stardust" name="Stardust" thumb="standing.swf" facing="left" default="standing.swf" motion="walk.swf" enable="Y" is_premium="N" aid="5865" money="0" sharing="0">
		<category name="Emotion">
			<action id="happy.swf" name="happy" loop="Y" totalframe="35" enable="Y" aid="5868"/>
			<action id="sad.swf" name="sad" loop="Y" totalframe="96" enable="Y" aid="5869"/>
			<action id="surprised.swf" name="suprised" loop="Y" totalframe="50" enable="Y" aid="5870"/>
			<action id="thinking.swf" name="thinking" loop="Y" totalframe="100" enable="Y" aid="5871"/>
		</category>
		<action id="standing.swf" name="standing" loop="Y" totalframe="32" enable="Y" aid="5866"/>
		<motion id="walk.swf" name="walk" loop="Y" totalframe="28" enable="Y" aid="5867"/>
		<action id="sitting.swf" name="sitting" loop="Y" totalframe="60" enable="Y" aid="5872"/>
		<action id="dance.swf" name="dance" loop="Y" totalframe="92" enable="Y" aid="5873"/>
		<action id="drink_beer.swf" name="drink beer" loop="Y" totalframe="23" enable="Y" aid="5874"/>
		<action id="sing.swf" name="sing" loop="Y" totalframe="100" enable="Y" aid="5875"/>
		<action id="swing_golf.swf" name="swing golf club" loop="Y" totalframe="115" enable="Y" aid="5876"/>
		<action id="talk.swf" name="talk" loop="Y" totalframe="100" enable="Y" aid="5877"/>
		<action id="kick.swf" name="kick" loop="Y" totalframe="59" enable="Y" aid="5878"/>
		<action id="kick_legs.swf" name="kick with high legs" loop="Y" totalframe="63" enable="Y" aid="5879"/>
		<action id="play_gut_bucket.swf" name="play gut bucket" loop="Y" totalframe="67" enable="Y" aid="5880"/>
		<motion id="galop.swf" name="galop" loop="Y" totalframe="16" enable="Y" aid="5881"/>
		<facial id="head_wide_smile.swf" name="extra wide smile" enable="Y" aid="5882"/>
		<facial id="head_happy.swf" name="happy" enable="Y" aid="5883"/>
		<facial id="head_sad.swf" name="sad" enable="Y" aid="5884"/>
		<facial id="head_frown.swf" name="frown" enable="Y" aid="5885"/>
		<facial id="head_wink.swf" name="wink" enable="Y" aid="5886"/>
		<facial id="head_talk_happy.swf" name="talk happy" enable="Y" aid="5887"/>
		<facial id="head_talk.swf" name="talk" enable="Y" aid="5888"/>
		<facial id="head_thinking.swf" name="thinking" enable="Y" aid="5889"/>
		<facial id="head_shocked.swf" name="shocked" enable="Y" aid="5890"/>
		<facial id="head_neigh.swf" name="neigh" enable="Y" aid="5891"/>
		<facial id="head_eat_grass.swf" name="eat grass" enable="Y" aid="5892"/>
		<facial id="head_neutral.swf" name="neutral" enable="Y" aid="8511"/>
	</char>
	<background id="bus_interior_bg.swf" name="" enable="N" is_premium="N" aid="5893" money="0" sharing="0"/>
	<background id="golf_course_bg.swf" name="" enable="N" is_premium="N" aid="5894" money="0" sharing="0"/>
	<background id="ranch_bg.swf" name="" enable="N" is_premium="N" aid="5895" money="0" sharing="0"/>
	<background id="the_road_bg.swf" name="" enable="N" is_premium="N" aid="5896" money="0" sharing="0"/>
	<background id="willie_stage_bg.swf" name="" enable="N" is_premium="N" aid="5897" money="0" sharing="0"/>
	<background id="bar.swf" name="" enable="N" is_premium="N" aid="5898" money="0" sharing="0"/>
	<compositebg id="cbg_bus_interior" name="tour bus interior" thumb="bus_interior_bg.jpg" enable="Y" is_premium="N" aid="5899" money="0" sharing="0">
	<bg id="cbg_bus_interior_BG1" index="0">
		<file>willie.bus_interior_bg.swf</file>
	</bg>
	<prop id="cbg_bus_interior_PROP0" index="2">
		<file>willie.bus_interior_props1.swf</file>
		<x>297.2</x>
		<y>175</y>
		<xscale>1</xscale>
		<yscale>1</yscale>
		<face>1</face>
		<rotation>0</rotation>
	</prop>
	<prop id="cbg_bus_interior_PROP1" index="3">
		<file>willie.bus_interior_props2.swf</file>
		<x>504.5</x>
		<y>267.6</y>
		<xscale>1</xscale>
		<yscale>1</yscale>
		<face>1</face>
		<rotation>0</rotation>
	</prop>
</compositebg>
	<compositebg id="cbg_field" name="field" thumb="ranch_bg.jpg" enable="Y" is_premium="N" aid="5900" money="0" sharing="0">
	<bg id="cbg_field_BG1" index="0">
		<file>willie.ranch_bg.swf</file>
	</bg>
	<prop id="cbg_field_PROP2" index="2">
		<file>willie.msp_horse.ranch_props3.swf</file>
		<x>226.2</x>
		<y>236</y>
		<xscale>0.8</xscale>
		<yscale>0.8</yscale>
		<face>1</face>
		<rotation>0</rotation>
	</prop>
	<prop id="cbg_field_PROP3" index="3">
		<file>willie.msp_horse.ranch_props4.swf</file>
		<x>288.2</x>
		<y>256</y>
		<xscale>1.09</xscale>
		<yscale>1.09</yscale>
		<face>-1</face>
		<rotation>0</rotation>
	</prop>
	<prop id="cbg_field_PROP1" index="4">
		<file>willie.ranch_props2.swf</file>
		<x>89.2</x>
		<y>237</y>
		<xscale>1</xscale>
		<yscale>1</yscale>
		<face>1</face>
		<rotation>0</rotation>
	</prop>
	<prop id="cbg_field_PROP0" index="5">
		<file>willie.ranch_props1.swf</file>
		<x>408.3</x>
		<y>336.1</y>
		<xscale>1</xscale>
		<yscale>1</yscale>
		<face>1</face>
		<rotation>0</rotation>
	</prop>
</compositebg>
	<compositebg id="cbg_willie_stage" name="Willie stage" thumb="willie_stage_bg.jpg" enable="Y" is_premium="N" aid="5901" money="0" sharing="0">
	<bg id="cbg_willie_stage_BG1" index="0">
		<file>willie.willie_stage_bg.swf</file>
	</bg>
	<prop id="cbg_willie_stage_PROP4" index="2">
		<file>willie.willie_stage_props4.swf</file>
		<x>463.2</x>
		<y>272</y>
		<xscale>1</xscale>
		<yscale>1</yscale>
		<face>1</face>
		<rotation>0</rotation>
	</prop>
	<prop id="cbg_willie_stage_PROP5" index="3">
		<file>willie.willie_stage_props4.swf</file>
		<x>185.7</x>
		<y>277.3</y>
		<xscale>1</xscale>
		<yscale>1</yscale>
		<face>-1</face>
		<rotation>0</rotation>
	</prop>
	<prop id="cbg_willie_stage_PROP0" index="4">
		<file>willie.willie_stage_props1.swf</file>
		<x>225.6</x>
		<y>206.3</y>
		<xscale>1</xscale>
		<yscale>1</yscale>
		<face>1</face>
		<rotation>0</rotation>
	</prop>
	<prop id="cbg_willie_stage_PROP3" index="5">
		<file>willie.willie_stage_props3.swf</file>
		<x>331.3</x>
		<y>319.4</y>
		<xscale>1</xscale>
		<yscale>1</yscale>
		<face>1</face>
		<rotation>0</rotation>
	</prop>
	<prop id="cbg_willie_stage_PROP6" index="6">
		<file>willie.willie_stage_props2.swf</file>
		<x>391.2</x>
		<y>273</y>
		<xscale>1</xscale>
		<yscale>1</yscale>
		<face>1</face>
		<rotation>0</rotation>
	</prop>
	<prop id="cbg_willie_stage_PROP1" index="7">
		<file>willie.willie_stage_props1.swf</file>
		<x>458.4</x>
		<y>209.5</y>
		<xscale>1</xscale>
		<yscale>1</yscale>
		<face>-1</face>
		<rotation>4.5</rotation>
	</prop>
</compositebg>
	<compositebg id="cbg_saloon" name="saloon" thumb="bar_bg.jpg" enable="Y" default="Y" is_premium="N" aid="5902" money="0" sharing="0">
	<bg id="cbg_saloon_BG46" index="0">
		<file>willie.bar.swf</file>
	</bg>
	<prop id="cbg_saloon_PROP6" index="3">
		<file>willie.bar_table.swf</file>
		<x>268.2</x>
		<y>195</y>
		<xscale>0.76</xscale>
		<yscale>0.76</yscale>
		<face>1</face>
		<rotation>0</rotation>
	</prop>
	<prop id="cbg_saloon_PROP7" index="1">
		<file>willie.bar_chair.swf</file>
		<x>334.2</x>
		<y>179</y>
		<xscale>0.8</xscale>
		<yscale>0.8</yscale>
		<face>1</face>
		<rotation>0</rotation>
	</prop>
	<prop id="cbg_saloon_PROP8" index="2">
		<file>willie.bar_chair.swf</file>
		<x>186.2</x>
		<y>175</y>
		<xscale>0.75</xscale>
		<yscale>0.75</yscale>
		<face>-1</face>
		<rotation>0</rotation>
	</prop>
	<prop id="cbg_saloon_PROP9" index="6">
		<file>willie.bar_chair.swf</file>
		<x>204.2</x>
		<y>200</y>
		<xscale>0.97</xscale>
		<yscale>0.97</yscale>
		<face>1</face>
		<rotation>0</rotation>
	</prop>
	<prop id="cbg_saloon_PROP11" index="7">
		<file>willie.bar_chair.swf</file>
		<x>75.2</x>
		<y>204</y>
		<xscale>0.92</xscale>
		<yscale>0.92</yscale>
		<face>-1</face>
		<rotation>0</rotation>
	</prop>
	<prop id="cbg_saloon_PROP10" index="8">
		<file>willie.bar_table.swf</file>
		<x>129.2</x>
		<y>220</y>
		<xscale>1</xscale>
		<yscale>1</yscale>
		<face>1</face>
		<rotation>0</rotation>
	</prop>
	<prop id="cbg_saloon_PROP12" index="13">
		<file>willie.bar_pooltable.swf</file>
		<x>237.2</x>
		<y>291</y>
		<xscale>1</xscale>
		<yscale>1</yscale>
		<face>1</face>
		<rotation>0</rotation>
	</prop>
	<prop id="cbg_saloon_PROP13" index="4">
		<file>willie.bar_bench.swf</file>
		<x>496.2</x>
		<y>225</y>
		<xscale>1</xscale>
		<yscale>1</yscale>
		<face>1</face>
		<rotation>0</rotation>
	</prop>
	<prop id="cbg_saloon_PROP25" index="11">
		<file>willie.bar_stool.swf</file>
		<x>492.2</x>
		<y>276</y>
		<xscale>0.9</xscale>
		<yscale>0.9</yscale>
		<face>1</face>
		<rotation>0</rotation>
	</prop>
	<prop id="cbg_saloon_PROP24" index="12">
		<file>willie.bar_stool.swf</file>
		<x>561.2</x>
		<y>298</y>
		<xscale>1</xscale>
		<yscale>1</yscale>
		<face>1</face>
		<rotation>0</rotation>
	</prop>
	<prop id="cbg_saloon_PROP26" index="10">
		<file>willie.bar_stool.swf</file>
		<x>428.2</x>
		<y>250</y>
		<xscale>0.73</xscale>
		<yscale>0.73</yscale>
		<face>1</face>
		<rotation>0</rotation>
	</prop>
	<prop id="cbg_saloon_PROP27" index="9">
		<file>willie.bar_stool.swf</file>
		<x>380.2</x>
		<y>229</y>
		<xscale>0.64</xscale>
		<yscale>0.64</yscale>
		<face>1</face>
		<rotation>0</rotation>
	</prop>
</compositebg>
	<compositebg id="cbg_route_66" name="route 66" thumb="the_road_bg.jpg" enable="Y" is_premium="N" aid="5903" money="0" sharing="0">
	<bg id="cbg_route_66_BG1" index="0">
		<file>willie.the_road_bg.swf</file>
	</bg>
	<prop id="cbg_route_66_PROP0" index="2">
		<file>willie.the_road_props1.swf</file>
		<x>458.2</x>
		<y>225</y>
		<xscale>1</xscale>
		<yscale>1</yscale>
		<face>1</face>
		<rotation>0</rotation>
	</prop>
</compositebg>
	<compositebg id="cbg_golf_course" name="golf course" thumb="golf_course_bg.jpg" enable="Y" is_premium="N" aid="5904" money="0" sharing="0">
	<bg id="cbg_golf_course_BG146" index="0">
		<file>willie.golf_course_bg.swf</file>
	</bg>
	<prop id="cbg_golf_course_PROP102" index="2">
		<file>willie.golf_course_props2.swf</file>
		<x>418.2</x>
		<y>237</y>
		<xscale>1</xscale>
		<yscale>1</yscale>
		<face>1</face>
		<rotation>0</rotation>
	</prop>
	<prop id="cbg_golf_course_PROP103" index="3">
		<file>willie.golf_course_props1.swf</file>
		<x>328.2</x>
		<y>340</y>
		<xscale>1</xscale>
		<yscale>1</yscale>
		<face>1</face>
		<rotation>0</rotation>
	</prop>
</compositebg>
	<prop id="msp_horse" name="Horse" holdable="0" placeable="1" wearable="0" facing="left" thumb="ranch_props3.swf" enable="Y" is_premium="N" aid="5905" money="0" sharing="0">
		<state id="ranch_props3.swf" name="dark brown" enable="Y" default="Y"/>
		<state id="ranch_props4.swf" name="light brown" enable="Y"/>
	</prop>
	<prop id="bar_table.swf" name="Wooden Table" holdable="0" placeable="1" wearable="0" facing="left" thumb="" enable="Y" is_premium="N" aid="5924" money="0" sharing="0"/>
	<prop id="bus_interior_props1.swf" name="" holdable="0" placeable="1" wearable="0" facing="left" thumb="" enable="N" is_premium="N" aid="5925" money="0" sharing="0"/>
	<prop id="bus_interior_props2.swf" name="" holdable="0" placeable="1" wearable="0" facing="left" thumb="" enable="N" is_premium="N" aid="5926" money="0" sharing="0"/>
	<prop id="ranch_props1.swf" name="" holdable="0" placeable="1" wearable="0" facing="left" thumb="" enable="N" is_premium="N" aid="5927" money="0" sharing="0"/>
	<prop id="ranch_props2.swf" name="Carriage" holdable="0" placeable="1" wearable="0" facing="left" thumb="" enable="Y" is_premium="N" aid="5928" money="0" sharing="0"/>
	<prop id="willie_stage_props1.swf" name="" holdable="0" placeable="1" wearable="0" facing="left" thumb="" enable="N" is_premium="N" aid="5929" money="0" sharing="0"/>
	<prop id="willie_stage_props2.swf" name="" holdable="0" placeable="1" wearable="0" facing="left" thumb="" enable="N" is_premium="N" aid="5930" money="0" sharing="0"/>
	<prop id="willie_stage_props3.swf" name="" holdable="0" placeable="1" wearable="0" facing="left" thumb="" enable="N" is_premium="N" aid="5931" money="0" sharing="0"/>
	<prop id="willie_stage_props4.swf" name="" holdable="0" placeable="1" wearable="0" facing="left" thumb="" enable="N" is_premium="N" aid="5932" money="0" sharing="0"/>
	<prop id="willie_stage_props5.swf" name="Willie Nelson Logo" holdable="0" placeable="1" wearable="0" facing="left" thumb="" enable="Y" is_premium="N" aid="5933" money="0" sharing="0"/>
	<prop id="the_road_props1.swf" name="Route 66 Sign" holdable="0" placeable="1" wearable="0" facing="left" thumb="" enable="Y" is_premium="N" aid="5934" money="0" sharing="0"/>
	<prop id="the_road_cactus.swf" name="Cactus" holdable="0" placeable="1" wearable="0" facing="left" thumb="" enable="Y" is_premium="N" aid="5935" money="0" sharing="0"/>
	<prop id="golf_course_props1.swf" name="" holdable="0" placeable="1" wearable="0" facing="left" thumb="" enable="N" is_premium="N" aid="5936" money="0" sharing="0"/>
	<prop id="golf_course_props2.swf" name="" holdable="0" placeable="1" wearable="0" facing="left" thumb="" enable="N" is_premium="N" aid="5937" money="0" sharing="0"/>
	<prop id="bar_stool.swf" name="Wooden Stool" holdable="0" placeable="1" wearable="0" facing="left" thumb="" enable="Y" is_premium="N" aid="5923" money="0" sharing="0"/>
	<prop id="bar_pooltable.swf" name="Pool Table" holdable="0" placeable="1" wearable="0" facing="left" thumb="" enable="Y" is_premium="N" aid="5922" money="0" sharing="0"/>
	<prop id="bandanas_red.swf" name="Bandanas (red)" holdable="1" placeable="1" wearable="0" facing="left" thumb="" enable="Y" is_premium="N" aid="5908" money="0" sharing="0"/>
	<prop id="bandanas_us.swf" name="Bandanas (US)" holdable="1" placeable="1" wearable="0" facing="left" thumb="" enable="Y" is_premium="N" aid="5909" money="0" sharing="0"/>
	<prop id="beach_shower.swf" name="Beach Shower" holdable="0" placeable="1" wearable="0" facing="left" thumb="" enable="Y" is_premium="N" aid="5910" money="0" sharing="0"/>
	<prop id="beer_can.swf" name="Beer Can" holdable="1" placeable="1" wearable="0" facing="left" thumb="" enable="Y" is_premium="N" aid="5911" money="0" sharing="0"/>
	<prop id="cowboy_hat.swf" name="Cowboy Hat" holdable="0" placeable="1" wearable="1" facing="left" thumb="" enable="Y" is_premium="N" aid="5912" money="0" sharing="0"/>
	<prop id="golf_ball.swf" name="Golf Ball" holdable="1" placeable="1" wearable="0" facing="left" thumb="" enable="Y" is_premium="N" aid="5913" money="0" sharing="0"/>
	<prop id="mickey_harmonica.swf" name="Mickey Harmonica" holdable="1" placeable="1" wearable="0" facing="left" thumb="" enable="Y" is_premium="N" aid="5914" money="0" sharing="0"/>
	<prop id="pool_cue.swf" name="Pool Cue" holdable="1" placeable="1" wearable="0" facing="left" thumb="" enable="Y" is_premium="N" aid="5915" money="0" sharing="0"/>
	<prop id="texas_flag.swf" name="Texas Flag" holdable="0" placeable="1" wearable="0" facing="left" thumb="" enable="Y" is_premium="N" aid="5916" money="0" sharing="0"/>
	<prop id="tour_bus.swf" name="Tour Bus" holdable="0" placeable="1" wearable="0" facing="left" thumb="" enable="Y" is_premium="N" aid="5917" money="0" sharing="0"/>
	<prop id="trigger.swf" name="Trigger" holdable="1" placeable="1" wearable="0" facing="left" thumb="" enable="Y" is_premium="N" aid="5918" money="0" sharing="0"/>
	<prop id="wooden_barrel.swf" name="Wooden Barrel" holdable="0" placeable="1" wearable="0" facing="left" thumb="" enable="Y" is_premium="N" aid="5919" money="0" sharing="0"/>
	<prop id="bar_bench.swf" name="" holdable="0" placeable="1" wearable="0" facing="left" thumb="" enable="N" is_premium="N" aid="5920" money="0" sharing="0"/>
	<prop id="bar_chair.swf" name="Wooden Chair" holdable="0" placeable="1" wearable="0" facing="left" thumb="" enable="Y" is_premium="N" aid="5921" money="0" sharing="0"/>
	<prop id="gut_bucket.swf" name="Gut Bucket" holdable="1" placeable="1" wearable="0" facing="left" thumb="" enable="Y" is_premium="N" aid="5938" money="0" sharing="0"/>
	<sound id="willi_onRoadAgain120.mp3" name="On The Road Again" downloadtype="stream" subtype="bgmusic" duration="120000" enable="Y" is_premium="N" aid="5939" money="0" sharing="0"/>
	<sound id="willi_local_mem_120.mp3" name="The Local Memory" downloadtype="stream" subtype="bgmusic" duration="120000" enable="Y" is_premium="N" aid="5940" money="0" sharing="0"/>
	<sound id="willi_all_on_mind120.mp3" name="Always on My Mind" downloadtype="stream" subtype="bgmusic" duration="120000" enable="Y" is_premium="N" aid="5941" money="0" sharing="0"/>
	<sound id="willi_if_u_seeWhatGoThru120.mp3" name="If You Could See What's Going Through..." downloadtype="stream" subtype="bgmusic" duration="120000" enable="Y" is_premium="N" aid="5942" money="0" sharing="0"/>
	<sound id="willi_im_a_memory_120.mp3" name="I'm a Memory" downloadtype="stream" subtype="bgmusic" duration="120000" enable="Y" is_premium="N" aid="5943" money="0" sharing="0"/>
	<sound id="willi_mama_dontLetBab120.mp3" name="Mammas Don't Let Your Babies..." downloadtype="stream" subtype="bgmusic" duration="120000" enable="Y" is_premium="N" aid="5944" money="0" sharing="0"/>
</theme>
